participant,type,score,memory_score,image_memory_order,food_order,quality,attract,mood,image_id
0,wine,15,high,3,2,低质量,无吸引力,正面,1
0,wine,10,low,3,1,中质量,有吸引力,正面,2
0,cake,15,high,2,2,高质量,有吸引力,正面,3
0,cake,10,low,2,1,低质量,无吸引力,正面,4
0,sandwich,10,high,4,2,高质量,有吸引力,正面,5
0,sandwich,18,low,4,1,低质量,无吸引力,正面,6
0,donut,16,high,1,2,中质量,有吸引力,正面,7
0,donut,10,low,1,1,低质量,无吸引力,正面,8
1,wine,20,high,4,1,中质量,有吸引力,正面,1
1,wine,17,low,4,2,高质量,无吸引力,正面,2
1,cake,25,high,3,2,高质量,有吸引力,正面,3
1,cake,10,low,3,1,低质量,无吸引力,正面,4
1,sandwich,23,high,1,2,高质量,有吸引力,正面,5
1,sandwich,12,low,1,1,中质量,无吸引力,正面,6
1,donut,20,high,2,1,中质量,有吸引力,正面,7
1,donut,15,low,2,2,低质量,无吸引力,正面,8
2,wine,18,high,3,2,高质量,有吸引力,正面,1
2,wine,12,low,3,1,低质量,无吸引力,正面,2
2,cake,28,high,1,2,高质量,有吸引力,正面,3
2,cake,30,low,1,1,中质量,无吸引力,正面,4
2,sandwich,18,high,4,2,高质量,有吸引力,正面,5
2,sandwich,12,low,4,1,中质量,无吸引力,正面,6
2,donut,18,high,2,1,中质量,有吸引力,正面,7
2,donut,10,low,2,2,低质量,无吸引力,正面,8
3,wine,30,high,2,1,中质量,无吸引力,非常正面,1
3,wine,25,low,2,2,中质量,有吸引力,非常正面,2
3,cake,48,high,3,1,高质量,有吸引力,非常正面,3
3,cake,24,low,3,2,高质量,无吸引力,非常正面,4
3,sandwich,30,high,4,2,中质量,无吸引力,非常正面,5
3,sandwich,38,low,4,1,高质量,有吸引力,非常正面,6
3,donut,20,high,1,1,高质量,有吸引力,非常正面,7
3,donut,11,low,1,2,低质量,无吸引力,非常正面,8
4,wine,33,high,3,2,高质量,无吸引力,非常正面,1
4,wine,35,low,3,1,高质量,有吸引力,非常正面,2
4,cake,20,high,4,1,高质量,有吸引力,非常正面,3
4,cake,30,low,4,2,高质量,无吸引力,非常正面,4
4,sandwich,20,high,2,2,高质量,有吸引力,非常正面,5
4,sandwich,34,low,2,1,高质量,无吸引力,非常正面,6
4,donut,16,high,1,2,高质量,无吸引力,非常正面,7
4,donut,18,low,1,1,高质量,有吸引力,非常正面,8
5,wine,15,high,3,1,中质量,有吸引力,中立,1
5,wine,10,low,3,2,中质量,无吸引力,中立,2
5,cake,20,high,4,1,高质量,有吸引力,中立,3
5,cake,10,low,4,2,低质量,无吸引力,中立,4
5,sandwich,20,high,2,2,高质量,有吸引力,中立,5
5,sandwich,10,low,2,1,低质量,无吸引力,中立,6
5,donut,13,high,1,2,高质量,无区别,中立,7
5,donut,10,low,1,1,中质量,无区别,中立,8
6,wine,25,high,3,1,中质量,有吸引力,正面,1
6,wine,35,low,3,2,高质量,无吸引力,正面,2
6,cake,32,high,2,2,中质量,无吸引力,正面,3
6,cake,15,low,2,1,中质量,有吸引力,正面,4
6,sandwich,35,high,4,1,中质量,有吸引力,正面,5
6,sandwich,45,low,4,2,高质量,无吸引力,正面,6
6,donut,35,high,1,2,中质量,无吸引力,正面,7
6,donut,45,low,1,1,高质量,有吸引力,正面,8
7,wine,40,high,4,1,中质量,有吸引力,非常正面,1
7,wine,20,low,4,2,中质量,无吸引力,非常正面,2
7,cake,30,high,2,2,高质量,有吸引力,非常正面,3
7,cake,30,low,2,1,中质量,无吸引力,非常正面,4
7,sandwich,20,high,3,2,高质量,无吸引力,非常正面,5
7,sandwich,30,low,3,1,高质量,有吸引力,非常正面,6
7,donut,10,high,1,1,中质量,有吸引力,非常正面,7
7,donut,15,low,1,2,中质量,无吸引力,非常正面,8
8,wine,15,high,4,2,高质量,无吸引力,正面,1
8,wine,25,low,4,1,高质量,有吸引力,正面,2
8,cake,20,high,2,1,高质量,有吸引力,正面,3
8,cake,10,low,2,2,低质量,无吸引力,正面,4
8,sandwich,30,high,1,1,中质量,有吸引力,正面,5
8,sandwich,15,low,1,2,中质量,无吸引力,正面,6
8,donut,15,high,3,2,中质量,无区别,正面,7
8,donut,10,low,3,1,低质量,无区别,正面,8
9,wine,35,high,4,1,中质量,无吸引力,正面,1
9,wine,45,low,4,2,中质量,有吸引力,正面,2
9,cake,20,high,1,1,中质量,有吸引力,正面,3
9,cake,15,low,1,2,低质量,无吸引力,正面,4
9,sandwich,12,high,2,2,中质量,无吸引力,正面,5
9,sandwich,20,low,2,1,高质量,有吸引力,正面,6
9,donut,18,high,3,2,中质量,有吸引力,正面,7
9,donut,12,low,3,1,低质量,无吸引力,正面,8
10,wine,18,high,3,1,中质量,无区别,正面,1
10,wine,22,low,3,2,中质量,无区别,正面,2
10,cake,26,high,2,1,中质量,有吸引力,正面,3
10,cake,10,low,2,2,低质量,无吸引力,正面,4
10,sandwich,35,high,4,2,高质量,有吸引力,正面,5
10,sandwich,38,low,4,1,低质量,无吸引力,正面,6
10,donut,18,high,1,2,低质量,无区别,正面,7
10,donut,24,low,1,1,低质量,无区别,正面,8
11,wine,15,high,4,1,中质量,无吸引力,中立,1
11,wine,22,low,4,2,中质量,有吸引力,中立,2
11,cake,18,high,2,1,中质量,有吸引力,中立,3
11,cake,13,low,2,2,低质量,无吸引力,中立,4
11,sandwich,15,high,1,2,高质量,无吸引力,中立,5
11,sandwich,25,low,1,1,高质量,有吸引力,中立,6
11,donut,15,high,3,1,中质量,有吸引力,中立,7
11,donut,10,low,3,2,低质量,无吸引力,中立,8
12,wine,20,high,3,2,高质量,有吸引力,非常正面,1
12,wine,30,low,3,1,中质量,无吸引力,非常正面,2
12,cake,30,high,4,1,高质量,无吸引力,非常正面,3
12,cake,20,low,4,2,高质量,有吸引力,非常正面,4
12,sandwich,20,high,2,1,中质量,无吸引力,非常正面,5
12,sandwich,30,low,2,2,中质量,有吸引力,非常正面,6
12,donut,20,high,1,1,中质量,无吸引力,非常正面,7
12,donut,15,low,1,2,高质量,有吸引力,非常正面,8
13,wine,24,high,4,2,高质量,有吸引力,非常正面,1
13,wine,18,low,4,1,高质量,无吸引力,非常正面,2
13,cake,26,high,3,2,高质量,有吸引力,非常正面,3
13,cake,38,low,3,1,高质量,无吸引力,非常正面,4
13,sandwich,30,high,1,1,高质量,有吸引力,非常正面,5
13,sandwich,48,low,1,2,高质量,无吸引力,非常正面,6
13,donut,30,high,2,1,高质量,有吸引力,非常正面,7
13,donut,10,low,2,2,中质量,无吸引力,非常正面,8
14,wine,30,high,1,1,高质量,有吸引力,正面,1
14,wine,15,low,1,2,中质量,无吸引力,正面,2
14,cake,20,high,3,1,高质量,有吸引力,正面,3
14,cake,10,low,3,2,中质量,无吸引力,正面,4
14,sandwich,20,high,2,1,高质量,有吸引力,正面,5
14,sandwich,15,low,2,2,中质量,无吸引力,正面,6
14,donut,15,high,4,1,高质量,有吸引力,正面,7
14,donut,10,low,4,2,低质量,无吸引力,正面,8
15,wine,30,high,3,1,高质量,有吸引力,非常正面,1
15,wine,15,low,3,2,中质量,无吸引力,非常正面,2
15,cake,26,high,4,1,高质量,有吸引力,非常正面,3
15,cake,18,low,4,2,低质量,无吸引力,非常正面,4
15,sandwich,40,high,2,1,高质量,有吸引力,非常正面,5
15,sandwich,21,low,2,2,低质量,无吸引力,非常正面,6
15,donut,33,high,1,1,高质量,有吸引力,非常正面,7
15,donut,12,low,1,2,低质量,无吸引力,非常正面,8
16,wine,18,high,1,2,高质量,有吸引力,非常正面,1
16,wine,12,low,1,1,中质量,无吸引力,非常正面,2
16,cake,15,high,3,1,中质量,有吸引力,非常正面,3
16,cake,10,low,3,2,低质量,无吸引力,非常正面,4
16,sandwich,22,high,2,2,高质量,有吸引力,非常正面,5
16,sandwich,15,low,2,1,中质量,无吸引力,非常正面,6
16,donut,18,high,4,1,高质量,有吸引力,非常正面,7
16,donut,10,low,4,2,低质量,无吸引力,非常正面,8
17,wine,18,high,3,1,高质量,有吸引力,中立,1
17,wine,10,low,3,2,中质量,无吸引力,中立,2
17,cake,20,high,4,2,高质量,有吸引力,中立,3
17,cake,10,low,4,1,低质量,无吸引力,中立,4
17,sandwich,20,high,1,2,高质量,有吸引力,中立,5
17,sandwich,10,low,1,1,中质量,无吸引力,中立,6
17,donut,15,high,2,2,高质量,无区别,中立,7
17,donut,10,low,2,1,高质量,无区别,中立,8
18,wine,20,high,2,2,低质量,有吸引力,正面,1
18,wine,15,low,2,1,中质量,无吸引力,正面,2
18,cake,30,high,1,2,高质量,有吸引力,正面,3
18,cake,15,low,1,1,低质量,无吸引力,正面,4
18,sandwich,15,high,4,1,中质量,有吸引力,正面,5
18,sandwich,25,low,4,2,中质量,无吸引力,正面,6
18,donut,25,high,3,2,中质量,有吸引力,正面,7
18,donut,10,low,3,1,低质量,无吸引力,正面,8
19,wine,50,high,3,2,中质量,无区别,中立,1
19,wine,11,low,3,1,中质量,无区别,中立,2
19,cake,49,high,4,2,中质量,无区别,中立,3
19,cake,12,low,4,1,中质量,无区别,中立,4
19,sandwich,50,high,1,1,中质量,无区别,中立,5
19,sandwich,11,low,1,2,中质量,无区别,中立,6
19,donut,45,high,2,2,中质量,无区别,中立,7
19,donut,10,low,2,1,中质量,无区别,中立,8
20,wine,18,high,1,2,低质量,无吸引力,正面,1
20,wine,12,low,1,1,低质量,有吸引力,正面,2
20,cake,18,high,4,1,中质量,有吸引力,正面,3
20,cake,28,low,4,2,中质量,无吸引力,正面,4
20,sandwich,20,high,3,1,中质量,有吸引力,正面,5
20,sandwich,15,low,3,2,中质量,无吸引力,正面,6
20,donut,18,high,2,2,中质量,无吸引力,正面,7
20,donut,12,low,2,1,低质量,有吸引力,正面,8
21,wine,15,high,1,1,中质量,有吸引力,中立,1
21,wine,15,low,1,2,高质量,无吸引力,中立,2
21,cake,15,high,2,2,高质量,无吸引力,中立,3
21,cake,10,low,2,1,中质量,有吸引力,中立,4
21,sandwich,20,high,3,2,中质量,有吸引力,中立,5
21,sandwich,10,low,3,1,高质量,无吸引力,中立,6
21,donut,23,high,4,2,高质量,有吸引力,中立,7
21,donut,12,low,4,1,低质量,无吸引力,中立,8
22,wine,15,high,2,1,高质量,无吸引力,中立,1
22,wine,25,low,2,2,高质量,有吸引力,中立,2
22,cake,30,high,4,2,高质量,有吸引力,中立,3
22,cake,15,low,4,1,低质量,无吸引力,中立,4
22,sandwich,15,high,3,1,中质量,无吸引力,中立,5
22,sandwich,20,low,3,2,高质量,有吸引力,中立,6
22,donut,15,high,1,2,中质量,有吸引力,中立,7
22,donut,10,low,1,1,低质量,无吸引力,中立,8
23,wine,12,high,3,1,高质量,无吸引力,正面,1
23,wine,20,low,3,2,中质量,有吸引力,正面,2
23,cake,10,high,1,2,高质量,有吸引力,正面,3
23,cake,20,low,1,1,低质量,无吸引力,正面,4
23,sandwich,15,high,4,1,中质量,有吸引力,正面,5
23,sandwich,16,low,4,2,低质量,无吸引力,正面,6
23,donut,14,high,2,1,高质量,有吸引力,正面,7
23,donut,19,low,2,2,低质量,无吸引力,正面,8
24,wine,30,high,3,2,低质量,无吸引力,非常正面,1
24,wine,40,low,3,1,高质量,有吸引力,非常正面,2
24,cake,20,high,4,2,高质量,有吸引力,非常正面,3
24,cake,25,low,4,1,高质量,无吸引力,非常正面,4
24,sandwich,24,high,1,2,中质量,无吸引力,非常正面,5
24,sandwich,30,low,1,1,高质量,有吸引力,非常正面,6
24,donut,33,high,2,2,中质量,有吸引力,非常正面,7
24,donut,15,low,2,1,低质量,无吸引力,非常正面,8
25,wine,15,high,4,1,中质量,有吸引力,正面,1
25,wine,35,low,4,2,中质量,无吸引力,正面,2
25,cake,45,high,1,2,中质量,无吸引力,正面,3
25,cake,35,low,1,1,高质量,有吸引力,正面,4
25,sandwich,25,high,3,1,高质量,有吸引力,正面,5
25,sandwich,32,low,3,2,中质量,无吸引力,正面,6
25,donut,25,high,2,2,高质量,有吸引力,正面,7
25,donut,30,low,2,1,低质量,无吸引力,正面,8
26,wine,50,high,2,1,中质量,无吸引力,正面,1
26,wine,25,low,2,2,低质量,有吸引力,正面,2
26,cake,15,high,3,1,高质量,有吸引力,正面,3
26,cake,10,low,3,2,低质量,无吸引力,正面,4
26,sandwich,10,high,1,1,高质量,无吸引力,正面,5
26,sandwich,20,low,1,2,高质量,有吸引力,正面,6
26,donut,50,high,4,2,中质量,有吸引力,正面,7
26,donut,50,low,4,1,中质量,无吸引力,正面,8
27,wine,20,high,2,2,中质量,无吸引力,非常正面,1
27,wine,26,low,2,1,高质量,有吸引力,非常正面,2
27,cake,24,high,3,1,高质量,有吸引力,非常正面,3
27,cake,15,low,3,2,低质量,无吸引力,非常正面,4
27,sandwich,27,high,1,1,中质量,有吸引力,非常正面,5
27,sandwich,11,low,1,2,中质量,无吸引力,非常正面,6
27,donut,30,high,4,2,中质量,有吸引力,非常正面,7
27,donut,15,low,4,1,中质量,无吸引力,非常正面,8
28,wine,12,high,1,2,中质量,有吸引力,正面,1
28,wine,10,low,1,1,中质量,无吸引力,正面,2
28,cake,16,high,3,1,中质量,有吸引力,正面,3
28,cake,15,low,3,2,低质量,无吸引力,正面,4
28,sandwich,25,high,2,2,高质量,有吸引力,正面,5
28,sandwich,16,low,2,1,低质量,无吸引力,正面,6
28,donut,18,high,4,2,中质量,无吸引力,正面,7
28,donut,16,low,4,1,中质量,有吸引力,正面,8
29,wine,20,high,2,2,高质量,有吸引力,非常正面,1
29,wine,15,low,2,1,中质量,无吸引力,非常正面,2
29,cake,22,high,4,2,高质量,有吸引力,非常正面,3
29,cake,11,low,4,1,中质量,无吸引力,非常正面,4
29,sandwich,30,high,1,1,高质量,有吸引力,非常正面,5
29,sandwich,12,low,1,2,中质量,无吸引力,非常正面,6
29,donut,33,high,3,2,高质量,有吸引力,非常正面,7
29,donut,13,low,3,1,低质量,无吸引力,非常正面,8
30,wine,12,high,3,1,中质量,无吸引力,正面,1
30,wine,15,low,3,2,中质量,有吸引力,正面,2
30,cake,26,high,2,1,中质量,有吸引力,正面,3
30,cake,13,low,2,2,低质量,无吸引力,正面,4
30,sandwich,30,high,1,2,高质量,有吸引力,正面,5
30,sandwich,32,low,1,1,中质量,无吸引力,正面,6
30,donut,18,high,4,2,低质量,无区别,正面,7
30,donut,25,low,4,1,中质量,无区别,正面,8
31,wine,15,high,1,1,中质量,无吸引力,非常正面,1
31,wine,10,low,1,2,低质量,有吸引力,非常正面,2
31,cake,20,high,4,2,中质量,有吸引力,非常正面,3
31,cake,10,low,4,1,高质量,无吸引力,非常正面,4
31,sandwich,30,high,3,1,中质量,有吸引力,非常正面,5
31,sandwich,10,low,3,2,低质量,无吸引力,非常正面,6
31,donut,20,high,2,1,中质量,有吸引力,非常正面,7
31,donut,15,low,2,2,低质量,无吸引力,非常正面,8
32,wine,12,high,4,1,中质量,无吸引力,非常正面,1
32,wine,15,low,4,2,中质量,有吸引力,非常正面,2
32,cake,12,high,1,1,中质量,无吸引力,非常正面,3
32,cake,16,low,1,2,高质量,有吸引力,非常正面,4
32,sandwich,18,high,2,2,高质量,有吸引力,非常正面,5
32,sandwich,12,low,2,1,低质量,无吸引力,非常正面,6
32,donut,16,high,3,1,低质量,有吸引力,非常正面,7
32,donut,11,low,3,2,低质量,无吸引力,非常正面,8
33,wine,20,high,1,1,中质量,有吸引力,非常正面,1
33,wine,18,low,1,2,中质量,无吸引力,非常正面,2
33,cake,15,high,3,1,中质量,无吸引力,非常正面,3
33,cake,13,low,3,2,高质量,有吸引力,非常正面,4
33,sandwich,25,high,4,2,高质量,有吸引力,非常正面,5
33,sandwich,18,low,4,1,低质量,无吸引力,非常正面,6
33,donut,24,high,2,2,中质量,有吸引力,非常正面,7
33,donut,16,low,2,1,低质量,无吸引力,非常正面,8
34,wine,15,high,2,1,低质量,有吸引力,正面,1
34,wine,25,low,2,2,中质量,无吸引力,正面,2
34,cake,30,high,3,2,高质量,有吸引力,正面,3
34,cake,15,low,3,1,低质量,无吸引力,正面,4
34,sandwich,22,high,4,2,高质量,有吸引力,正面,5
34,sandwich,15,low,4,1,低质量,无吸引力,正面,6
34,donut,25,high,1,2,高质量,有吸引力,正面,7
34,donut,10,low,1,1,低质量,无吸引力,正面,8
35,wine,20,high,3,2,中质量,无吸引力,非常正面,1
35,wine,35,low,3,1,高质量,有吸引力,非常正面,2
35,cake,30,high,4,1,中质量,有吸引力,非常正面,3
35,cake,15,low,4,2,低质量,无吸引力,非常正面,4
35,sandwich,10,high,1,2,低质量,无吸引力,非常正面,5
35,sandwich,20,low,1,1,高质量,有吸引力,非常正面,6
35,donut,15,high,2,2,中质量,无吸引力,非常正面,7
35,donut,10,low,2,1,中质量,有吸引力,非常正面,8
36,wine,35,high,4,2,中质量,无吸引力,正面,1
36,wine,30,low,4,1,中质量,有吸引力,正面,2
36,cake,35,high,3,2,高质量,有吸引力,正面,3
36,cake,25,low,3,1,低质量,无吸引力,正面,4
36,sandwich,25,high,1,2,高质量,有吸引力,正面,5
36,sandwich,20,low,1,1,中质量,无吸引力,正面,6
36,donut,15,high,2,1,低质量,有吸引力,正面,7
36,donut,10,low,2,2,中质量,无吸引力,正面,8
37,wine,25,high,1,1,高质量,有吸引力,非常正面,1
37,wine,10,low,1,2,中质量,无吸引力,非常正面,2
37,cake,15,high,4,1,高质量,有吸引力,非常正面,3
37,cake,10,low,4,2,低质量,无吸引力,非常正面,4
37,sandwich,30,high,3,2,中质量,有吸引力,非常正面,5
37,sandwich,18,low,3,1,高质量,无吸引力,非常正面,6
37,donut,23,high,2,2,中质量,无区别,非常正面,7
37,donut,12,low,2,1,低质量,无区别,非常正面,8
38,wine,15,high,1,1,中质量,无吸引力,非常正面,1
38,wine,20,low,1,2,高质量,有吸引力,非常正面,2
38,cake,15,high,3,2,高质量,有吸引力,非常正面,3
38,cake,10,low,3,1,低质量,无吸引力,非常正面,4
38,sandwich,20,high,2,2,高质量,有吸引力,非常正面,5
38,sandwich,10,low,2,1,低质量,无吸引力,非常正面,6
38,donut,15,high,4,1,中质量,有吸引力,非常正面,7
38,donut,10,low,4,2,低质量,无吸引力,非常正面,8
39,wine,26,high,2,1,中质量,无吸引力,非常正面,1
39,wine,30,low,2,2,高质量,有吸引力,非常正面,2
39,cake,32,high,3,1,中质量,有吸引力,非常正面,3
39,cake,25,low,3,2,中质量,无吸引力,非常正面,4
39,sandwich,31,high,1,2,高质量,有吸引力,非常正面,5
39,sandwich,27,low,1,1,中质量,无吸引力,非常正面,6
39,donut,34,high,4,2,高质量,有吸引力,非常正面,7
39,donut,22,low,4,1,低质量,无吸引力,非常正面,8
40,wine,15,high,1,1,中质量,无吸引力,非常正面,1
40,wine,20,low,1,2,中质量,有吸引力,非常正面,2
40,cake,25,high,4,1,高质量,有吸引力,非常正面,3
40,cake,20,low,4,2,低质量,无吸引力,非常正面,4
40,sandwich,25,high,2,2,高质量,有吸引力,非常正面,5
40,sandwich,30,low,2,1,高质量,无吸引力,非常正面,6
40,donut,25,high,3,1,中质量,有吸引力,非常正面,7
40,donut,10,low,3,2,低质量,无吸引力,非常正面,8
41,wine,20,high,2,2,高质量,无吸引力,非常正面,1
41,wine,22,low,2,1,高质量,有吸引力,非常正面,2
41,cake,24,high,3,2,高质量,有吸引力,非常正面,3
41,cake,11,low,3,1,中质量,无吸引力,非常正面,4
41,sandwich,27,high,1,2,高质量,有吸引力,非常正面,5
41,sandwich,22,low,1,1,中质量,无吸引力,非常正面,6
41,donut,25,high,4,2,高质量,有吸引力,非常正面,7
41,donut,15,low,4,1,中质量,无吸引力,非常正面,8
42,wine,45,high,3,1,低质量,有吸引力,非常正面,1
42,wine,30,low,3,2,中质量,无吸引力,非常正面,2
42,cake,40,high,2,1,高质量,有吸引力,非常正面,3
42,cake,20,low,2,2,低质量,无吸引力,非常正面,4
42,sandwich,20,high,4,1,高质量,有吸引力,非常正面,5
42,sandwich,10,low,4,2,中质量,无吸引力,非常正面,6
42,donut,20,high,1,2,中质量,无区别,非常正面,7
42,donut,10,low,1,1,中质量,无区别,非常正面,8
43,wine,15,high,4,1,中质量,无吸引力,非常正面,1
43,wine,20,low,4,2,中质量,有吸引力,非常正面,2
43,cake,16,high,2,1,中质量,有吸引力,非常正面,3
43,cake,10,low,2,2,中质量,无吸引力,非常正面,4
43,sandwich,15,high,1,2,高质量,有吸引力,非常正面,5
43,sandwich,25,low,1,1,高质量,无吸引力,非常正面,6
43,donut,22,high,3,1,中质量,无吸引力,非常正面,7
43,donut,12,low,3,2,中质量,有吸引力,非常正面,8
44,wine,20,high,1,2,中质量,无吸引力,正面,1
44,wine,35,low,1,1,高质量,有吸引力,正面,2
44,cake,15,high,4,1,中质量,无吸引力,正面,3
44,cake,25,low,4,2,中质量,有吸引力,正面,4
44,sandwich,18,high,3,1,高质量,有吸引力,正面,5
44,sandwich,25,low,3,2,中质量,无吸引力,正面,6
44,donut,15,high,2,2,低质量,无区别,正面,7
44,donut,10,low,2,1,低质量,无区别,正面,8
45,wine,30,high,2,2,中质量,有吸引力,非常正面,1
45,wine,15,low,2,1,中质量,无吸引力,非常正面,2
45,cake,25,high,1,1,高质量,有吸引力,非常正面,3
45,cake,10,low,1,2,低质量,无吸引力,非常正面,4
45,sandwich,25,high,4,2,中质量,有吸引力,非常正面,5
45,sandwich,20,low,4,1,低质量,无吸引力,非常正面,6
45,donut,20,high,3,2,高质量,有吸引力,非常正面,7
45,donut,15,low,3,1,低质量,无吸引力,非常正面,8
46,wine,10,high,1,1,中质量,有吸引力,正面,1
46,wine,20,low,1,2,高质量,无吸引力,正面,2
46,cake,15,high,3,2,中质量,有吸引力,正面,3
46,cake,20,low,3,1,低质量,无吸引力,正面,4
46,sandwich,30,high,2,2,中质量,有吸引力,正面,5
46,sandwich,20,low,2,1,高质量,无吸引力,正面,6
46,donut,19,high,4,1,中质量,有吸引力,正面,7
46,donut,15,low,4,2,高质量,无吸引力,正面,8
47,wine,22,high,1,2,中质量,无吸引力,非常正面,1
47,wine,25,low,1,1,高质量,有吸引力,非常正面,2
47,cake,30,high,4,1,高质量,有吸引力,非常正面,3
47,cake,22,low,4,2,中质量,无吸引力,非常正面,4
47,sandwich,27,high,2,1,高质量,有吸引力,非常正面,5
47,sandwich,20,low,2,2,高质量,无吸引力,非常正面,6
47,donut,26,high,3,1,高质量,有吸引力,非常正面,7
47,donut,22,low,3,2,高质量,无吸引力,非常正面,8
48,wine,30,high,1,1,中质量,无吸引力,正面,1
48,wine,20,low,1,2,高质量,有吸引力,正面,2
48,cake,35,high,4,1,高质量,有吸引力,正面,3
48,cake,10,low,4,2,低质量,无吸引力,正面,4
48,sandwich,15,high,3,1,高质量,有吸引力,正面,5
48,sandwich,10,low,3,2,高质量,无吸引力,正面,6
48,donut,20,high,2,2,中质量,无区别,正面,7
48,donut,10,low,2,1,中质量,无区别,正面,8
49,wine,30,high,4,2,低质量,无吸引力,正面,1
49,wine,25,low,4,1,中质量,有吸引力,正面,2
49,cake,30,high,2,2,高质量,有吸引力,正面,3
49,cake,20,low,2,1,高质量,无吸引力,正面,4
49,sandwich,28,high,1,1,中质量,有吸引力,正面,5
49,sandwich,30,low,1,2,中质量,无吸引力,正面,6
49,donut,32,high,3,2,中质量,有吸引力,正面,7
49,donut,28,low,3,1,中质量,无吸引力,正面,8
50,wine,18,high,3,2,中质量,无吸引力,正面,1
50,wine,12,low,3,1,中质量,有吸引力,正面,2
50,cake,20,high,2,2,高质量,有吸引力,正面,3
50,cake,12,low,2,1,高质量,无吸引力,正面,4
50,sandwich,20,high,4,1,高质量,有吸引力,正面,5
50,sandwich,10,low,4,2,低质量,无吸引力,正面,6
50,donut,16,high,1,2,中质量,有吸引力,正面,7
50,donut,10,low,1,1,低质量,无吸引力,正面,8
51,wine,18,high,2,1,高质量,无吸引力,正面,1
51,wine,25,low,2,2,高质量,有吸引力,正面,2
51,cake,38,high,4,1,高质量,有吸引力,正面,3
51,cake,20,low,4,2,低质量,无吸引力,正面,4
51,sandwich,20,high,1,2,高质量,有吸引力,正面,5
51,sandwich,38,low,1,1,中质量,无吸引力,正面,6
51,donut,25,high,3,1,中质量,无吸引力,正面,7
51,donut,30,low,3,2,中质量,有吸引力,正面,8
52,wine,26,high,3,2,中质量,有吸引力,正面,1
52,wine,13,low,3,1,中质量,无吸引力,正面,2
52,cake,25,high,2,1,高质量,有吸引力,正面,3
52,cake,11,low,2,2,低质量,无吸引力,正面,4
52,sandwich,24,high,1,1,中质量,有吸引力,正面,5
52,sandwich,12,low,1,2,低质量,无吸引力,正面,6
52,donut,29,high,4,2,中质量,有吸引力,正面,7
52,donut,12,low,4,1,中质量,无吸引力,正面,8
53,wine,50,high,2,1,高质量,无区别,非常正面,1
53,wine,30,low,2,2,中质量,无区别,非常正面,2
53,cake,15,high,4,1,高质量,有吸引力,非常正面,3
53,cake,10,low,4,2,低质量,无吸引力,非常正面,4
53,sandwich,20,high,1,2,高质量,有吸引力,非常正面,5
53,sandwich,15,low,1,1,中质量,无吸引力,非常正面,6
53,donut,15,high,3,2,低质量,无吸引力,非常正面,7
53,donut,18,low,3,1,中质量,有吸引力,非常正面,8
54,wine,20,high,2,2,高质量,无吸引力,正面,1
54,wine,35,low,2,1,高质量,有吸引力,正面,2
54,cake,20,high,4,2,高质量,有吸引力,正面,3
54,cake,10,low,4,1,中质量,无吸引力,正面,4
54,sandwich,20,high,3,1,中质量,无吸引力,正面,5
54,sandwich,35,low,3,2,高质量,有吸引力,正面,6
54,donut,15,high,1,1,高质量,有吸引力,正面,7
54,donut,25,low,1,2,中质量,无吸引力,正面,8
55,wine,15,high,4,2,中质量,有吸引力,非常正面,1
55,wine,20,low,4,1,高质量,无吸引力,非常正面,2
55,cake,30,high,2,2,中质量,有吸引力,非常正面,3
55,cake,20,low,2,1,中质量,无吸引力,非常正面,4
55,sandwich,15,high,3,2,高质量,无吸引力,非常正面,5
55,sandwich,15,low,3,1,高质量,有吸引力,非常正面,6
55,donut,15,high,1,2,中质量,有吸引力,非常正面,7
55,donut,10,low,1,1,高质量,无吸引力,非常正面,8
56,wine,18,high,3,2,高质量,无吸引力,正面,1
56,wine,15,low,3,1,低质量,有吸引力,正面,2
56,cake,22,high,2,2,高质量,无吸引力,正面,3
56,cake,26,low,2,1,高质量,有吸引力,正面,4
56,sandwich,20,high,1,2,中质量,有吸引力,正面,5
56,sandwich,22,low,1,1,中质量,无吸引力,正面,6
56,donut,12,high,4,2,中质量,无吸引力,正面,7
56,donut,13,low,4,1,低质量,有吸引力,正面,8
57,wine,50,high,1,2,高质量,有吸引力,非常正面,1
57,wine,45,low,1,1,高质量,无吸引力,非常正面,2
57,cake,45,high,4,1,高质量,有吸引力,非常正面,3
57,cake,50,low,4,2,中质量,无吸引力,非常正面,4
57,sandwich,25,high,2,1,中质量,无吸引力,非常正面,5
57,sandwich,50,low,2,2,高质量,有吸引力,非常正面,6
57,donut,36,high,3,1,高质量,无吸引力,非常正面,7
57,donut,28,low,3,2,高质量,有吸引力,非常正面,8
58,wine,20,high,1,1,中质量,无吸引力,中立,1
58,wine,15,low,1,2,高质量,有吸引力,中立,2
58,cake,22,high,2,1,中质量,有吸引力,中立,3
58,cake,15,low,2,2,低质量,无吸引力,中立,4
58,sandwich,30,high,4,1,高质量,有吸引力,中立,5
58,sandwich,25,low,4,2,高质量,无吸引力,中立,6
58,donut,10,high,3,1,中质量,有吸引力,中立,7
58,donut,10,low,3,2,中质量,无吸引力,中立,8
59,wine,18,high,3,2,中质量,有吸引力,非常正面,1
59,wine,18,low,3,1,中质量,无吸引力,非常正面,2
59,cake,25,high,4,1,中质量,有吸引力,非常正面,3
59,cake,20,low,4,2,中质量,无吸引力,非常正面,4
59,sandwich,25,high,1,2,高质量,有吸引力,非常正面,5
59,sandwich,20,low,1,1,中质量,无吸引力,非常正面,6
59,donut,18,high,2,2,低质量,无区别,非常正面,7
59,donut,15,low,2,1,低质量,无区别,非常正面,8
60,wine,23,high,3,1,高质量,无吸引力,非常正面,1
60,wine,26,low,3,2,高质量,有吸引力,非常正面,2
60,cake,34,high,4,2,高质量,有吸引力,非常正面,3
60,cake,28,low,4,1,中质量,无吸引力,非常正面,4
60,sandwich,23,high,1,2,中质量,无吸引力,非常正面,5
60,sandwich,27,low,1,1,高质量,有吸引力,非常正面,6
60,donut,29,high,2,2,高质量,有吸引力,非常正面,7
60,donut,25,low,2,1,中质量,无吸引力,非常正面,8
61,wine,15,high,2,2,高质量,无吸引力,非常正面,1
61,wine,10,low,2,1,中质量,有吸引力,非常正面,2
61,cake,30,high,4,2,高质量,有吸引力,非常正面,3
61,cake,20,low,4,1,高质量,无吸引力,非常正面,4
61,sandwich,30,high,3,2,中质量,有吸引力,非常正面,5
61,sandwich,20,low,3,1,高质量,无吸引力,非常正面,6
61,donut,15,high,1,2,高质量,无吸引力,非常正面,7
61,donut,20,low,1,1,中质量,有吸引力,非常正面,8
62,wine,12,high,1,2,高质量,无吸引力,正面,1
62,wine,15,low,1,1,高质量,有吸引力,正面,2
62,cake,16,high,3,1,中质量,有吸引力,正面,3
62,cake,20,low,3,2,中质量,无吸引力,正面,4
62,sandwich,25,high,4,2,高质量,有吸引力,正面,5
62,sandwich,15,low,4,1,中质量,无吸引力,正面,6
62,donut,30,high,2,2,高质量,有吸引力,正面,7
62,donut,13,low,2,1,低质量,无吸引力,正面,8
63,wine,20,high,4,1,中质量,无吸引力,中立,1
63,wine,35,low,4,2,高质量,有吸引力,中立,2
63,cake,30,high,1,2,高质量,有吸引力,中立,3
63,cake,23,low,1,1,中质量,无吸引力,中立,4
63,sandwich,15,high,2,2,中质量,无吸引力,中立,5
63,sandwich,25,low,2,1,高质量,有吸引力,中立,6
63,donut,20,high,3,2,中质量,有吸引力,中立,7
63,donut,20,low,3,1,高质量,无吸引力,中立,8
64,wine,12,high,4,2,中质量,有吸引力,中立,1
64,wine,15,low,4,1,低质量,无吸引力,中立,2
64,cake,20,high,3,2,高质量,有吸引力,中立,3
64,cake,20,low,3,1,低质量,无吸引力,中立,4
64,sandwich,15,high,2,2,中质量,有吸引力,中立,5
64,sandwich,10,low,2,1,低质量,无吸引力,中立,6
64,donut,20,high,1,2,中质量,无区别,中立,7
64,donut,15,low,1,1,低质量,无区别,中立,8
65,wine,15,high,2,1,高质量,无吸引力,正面,1
65,wine,17,low,2,2,高质量,有吸引力,正面,2
65,cake,10,high,3,1,高质量,无吸引力,正面,3
65,cake,20,low,3,2,高质量,有吸引力,正面,4
65,sandwich,18,high,4,1,中质量,有吸引力,正面,5
65,sandwich,11,low,4,2,中质量,无吸引力,正面,6
65,donut,20,high,1,2,中质量,有吸引力,正面,7
65,donut,15,low,1,1,中质量,无吸引力,正面,8
66,wine,18,high,1,2,低质量,有吸引力,中立,1
66,wine,12,low,1,1,低质量,无吸引力,中立,2
66,cake,12,high,4,1,低质量,有吸引力,中立,3
66,cake,12,low,4,2,中质量,无吸引力,中立,4
66,sandwich,22,high,3,1,中质量,无区别,中立,5
66,sandwich,22,low,3,2,低质量,无区别,中立,6
66,donut,20,high,2,1,低质量,无吸引力,中立,7
66,donut,18,low,2,2,低质量,有吸引力,中立,8
67,wine,25,high,4,2,中质量,有吸引力,正面,1
67,wine,35,low,4,1,高质量,无吸引力,正面,2
67,cake,15,high,1,2,高质量,无吸引力,正面,3
67,cake,25,low,1,1,中质量,有吸引力,正面,4
67,sandwich,45,high,3,1,中质量,无吸引力,正面,5
67,sandwich,35,low,3,2,低质量,有吸引力,正面,6
67,donut,20,high,2,2,高质量,无吸引力,正面,7
67,donut,38,low,2,1,中质量,有吸引力,正面,8
68,wine,25,high,3,2,高质量,有吸引力,正面,1
68,wine,20,low,3,1,中质量,无吸引力,正面,2
68,cake,36,high,2,2,高质量,有吸引力,正面,3
68,cake,15,low,2,1,低质量,无吸引力,正面,4
68,sandwich,35,high,4,2,高质量,有吸引力,正面,5
68,sandwich,30,low,4,1,高质量,无吸引力,正面,6
68,donut,30,high,1,1,中质量,有吸引力,正面,7
68,donut,18,low,1,2,低质量,无吸引力,正面,8
69,wine,40,high,2,1,低质量,无吸引力,中立,1
69,wine,46,low,2,2,中质量,有吸引力,中立,2
69,cake,35,high,1,1,高质量,有吸引力,中立,3
69,cake,36,low,1,2,中质量,无吸引力,中立,4
69,sandwich,20,high,3,1,低质量,无吸引力,中立,5
69,sandwich,26,low,3,2,低质量,有吸引力,中立,6
69,donut,27,high,4,2,中质量,无吸引力,中立,7
69,donut,30,low,4,1,中质量,有吸引力,中立,8
70,wine,15,high,3,2,低质量,无吸引力,正面,1
70,wine,30,low,3,1,中质量,有吸引力,正面,2
70,cake,30,high,1,1,高质量,有吸引力,正面,3
70,cake,20,low,1,2,中质量,无吸引力,正面,4
70,sandwich,20,high,4,1,高质量,有吸引力,正面,5
70,sandwich,25,low,4,2,中质量,无吸引力,正面,6
70,donut,20,high,2,1,低质量,有吸引力,正面,7
70,donut,15,low,2,2,中质量,无吸引力,正面,8
71,wine,35,high,4,2,高质量,有吸引力,正面,1
71,wine,25,low,4,1,中质量,无吸引力,正面,2
71,cake,40,high,1,2,高质量,有吸引力,正面,3
71,cake,20,low,1,1,低质量,无吸引力,正面,4
71,sandwich,38,high,3,1,高质量,有吸引力,正面,5
71,sandwich,30,low,3,2,高质量,无吸引力,正面,6
71,donut,32,high,2,2,中质量,有吸引力,正面,7
71,donut,15,low,2,1,低质量,无吸引力,正面,8
72,wine,15,high,3,1,低质量,无吸引力,非常正面,1
72,wine,20,low,3,2,中质量,有吸引力,非常正面,2
72,cake,20,high,1,2,中质量,有吸引力,非常正面,3
72,cake,15,low,1,1,低质量,无吸引力,非常正面,4
72,sandwich,12,high,4,1,中质量,无吸引力,非常正面,5
72,sandwich,20,low,4,2,高质量,有吸引力,非常正面,6
72,donut,20,high,2,1,低质量,无区别,非常正面,7
72,donut,12,low,2,2,低质量,无区别,非常正面,8
73,wine,18,high,2,1,低质量,有吸引力,非常正面,1
73,wine,15,low,2,2,中质量,无吸引力,非常正面,2
73,cake,15,high,4,2,中质量,有吸引力,非常正面,3
73,cake,15,low,4,1,高质量,无吸引力,非常正面,4
73,sandwich,13,high,3,2,高质量,无吸引力,非常正面,5
73,sandwich,18,low,3,1,低质量,有吸引力,非常正面,6
73,donut,18,high,1,2,中质量,有吸引力,非常正面,7
73,donut,10,low,1,1,中质量,无吸引力,非常正面,8
74,wine,10,high,1,1,中质量,无吸引力,非常正面,1
74,wine,16,low,1,2,中质量,有吸引力,非常正面,2
74,cake,21,high,4,1,中质量,有吸引力,非常正面,3
74,cake,28,low,4,2,高质量,无吸引力,非常正面,4
74,sandwich,18,high,2,2,中质量,有吸引力,非常正面,5
74,sandwich,20,low,2,1,中质量,无吸引力,非常正面,6
74,donut,14,high,3,1,高质量,有吸引力,非常正面,7
74,donut,16,low,3,2,中质量,无吸引力,非常正面,8
75,wine,15,high,4,1,中质量,无吸引力,正面,1
75,wine,30,low,4,2,中质量,有吸引力,正面,2
75,cake,25,high,1,2,高质量,有吸引力,正面,3
75,cake,20,low,1,1,中质量,无吸引力,正面,4
75,sandwich,25,high,2,2,中质量,无吸引力,正面,5
75,sandwich,35,low,2,1,高质量,有吸引力,正面,6
75,donut,25,high,3,1,高质量,有吸引力,正面,7
75,donut,15,low,3,2,中质量,无吸引力,正面,8
76,wine,15,high,2,2,高质量,无吸引力,正面,1
76,wine,20,low,2,1,中质量,有吸引力,正面,2
76,cake,10,high,3,2,高质量,有吸引力,正面,3
76,cake,15,low,3,1,中质量,无吸引力,正面,4
76,sandwich,30,high,1,1,中质量,有吸引力,正面,5
76,sandwich,20,low,1,2,中质量,无吸引力,正面,6
76,donut,25,high,4,1,高质量,有吸引力,正面,7
76,donut,20,low,4,2,高质量,无吸引力,正面,8
77,wine,12,high,1,1,低质量,无吸引力,正面,1
77,wine,18,low,1,2,中质量,有吸引力,正面,2
77,cake,30,high,3,1,高质量,有吸引力,正面,3
77,cake,25,low,3,2,低质量,无吸引力,正面,4
77,sandwich,35,high,2,2,中质量,无区别,正面,5
77,sandwich,18,low,2,1,低质量,无区别,正面,6
77,donut,10,high,4,2,低质量,无吸引力,正面,7
77,donut,12,low,4,1,中质量,有吸引力,正面,8
78,wine,40,high,3,1,中质量,有吸引力,正面,1
78,wine,15,low,3,2,中质量,无吸引力,正面,2
78,cake,10,high,2,1,中质量,有吸引力,正面,3
78,cake,25,low,2,2,低质量,无吸引力,正面,4
78,sandwich,10,high,4,2,中质量,无吸引力,正面,5
78,sandwich,45,low,4,1,高质量,有吸引力,正面,6
78,donut,25,high,1,2,中质量,有吸引力,正面,7
78,donut,10,low,1,1,低质量,无吸引力,正面,8
79,wine,50,high,3,1,高质量,有吸引力,非常正面,1
79,wine,38,low,3,2,高质量,无吸引力,非常正面,2
79,cake,50,high,2,2,高质量,有吸引力,非常正面,3
79,cake,45,low,2,1,高质量,无吸引力,非常正面,4
79,sandwich,15,high,1,2,中质量,无吸引力,非常正面,5
79,sandwich,50,low,1,1,高质量,有吸引力,非常正面,6
79,donut,48,high,4,2,中质量,无吸引力,非常正面,7
79,donut,50,low,4,1,高质量,有吸引力,非常正面,8
80,wine,22,high,2,1,低质量,无吸引力,中立,1
80,wine,24,low,2,2,低质量,有吸引力,中立,2
80,cake,20,high,1,2,中质量,有吸引力,中立,3
80,cake,22,low,1,1,中质量,无吸引力,中立,4
80,sandwich,18,high,4,2,中质量,无区别,中立,5
80,sandwich,20,low,4,1,低质量,无区别,中立,6
80,donut,24,high,3,2,低质量,无区别,中立,7
80,donut,20,low,3,1,低质量,无区别,中立,8
81,wine,20,high,3,2,中质量,有吸引力,正面,1
81,wine,10,low,3,1,低质量,无吸引力,正面,2
81,cake,25,high,4,2,中质量,有吸引力,正面,3
81,cake,15,low,4,1,低质量,无吸引力,正面,4
81,sandwich,40,high,2,2,高质量,有吸引力,正面,5
81,sandwich,20,low,2,1,低质量,无吸引力,正面,6
81,donut,15,high,1,1,中质量,有吸引力,正面,7
81,donut,10,low,1,2,低质量,无吸引力,正面,8
82,wine,50,high,1,2,中质量,无区别,中立,1
82,wine,11,low,1,1,中质量,无区别,中立,2
82,cake,48,high,2,2,中质量,无区别,中立,3
82,cake,10,low,2,1,中质量,无区别,中立,4
82,sandwich,50,high,4,1,高质量,无区别,中立,5
82,sandwich,12,low,4,2,高质量,无区别,中立,6
82,donut,50,high,3,1,中质量,无区别,中立,7
82,donut,10,low,3,2,中质量,无区别,中立,8
83,wine,15,high,2,2,高质量,有吸引力,正面,1
83,wine,20,low,2,1,低质量,无吸引力,正面,2
83,cake,10,high,3,2,高质量,有吸引力,正面,3
83,cake,15,low,3,1,低质量,无吸引力,正面,4
83,sandwich,15,high,1,1,中质量,无吸引力,正面,5
83,sandwich,20,low,1,2,高质量,有吸引力,正面,6
83,donut,25,high,4,1,中质量,有吸引力,正面,7
83,donut,15,low,4,2,中质量,无吸引力,正面,8
84,wine,15,high,2,2,中质量,无吸引力,正面,1
84,wine,25,low,2,1,高质量,有吸引力,正面,2
84,cake,25,high,1,1,高质量,无吸引力,正面,3
84,cake,25,low,1,2,中质量,有吸引力,正面,4
84,sandwich,20,high,3,2,中质量,无吸引力,正面,5
84,sandwich,30,low,3,1,高质量,有吸引力,正面,6
84,donut,20,high,4,2,中质量,有吸引力,正面,7
84,donut,15,low,4,1,低质量,无吸引力,正面,8
85,wine,36,high,2,2,高质量,无吸引力,非常正面,1
85,wine,28,low,2,1,高质量,有吸引力,非常正面,2
85,cake,40,high,1,2,高质量,有吸引力,非常正面,3
85,cake,25,low,1,1,高质量,无吸引力,非常正面,4
85,sandwich,18,high,3,2,高质量,无吸引力,非常正面,5
85,sandwich,30,low,3,1,高质量,有吸引力,非常正面,6
85,donut,42,high,4,2,高质量,有吸引力,非常正面,7
85,donut,12,low,4,1,低质量,无吸引力,非常正面,8
86,wine,15,high,4,2,低质量,无吸引力,正面,1
86,wine,20,low,4,1,中质量,有吸引力,正面,2
86,cake,30,high,3,2,高质量,有吸引力,正面,3
86,cake,20,low,3,1,中质量,无吸引力,正面,4
86,sandwich,40,high,2,1,中质量,有吸引力,正面,5
86,sandwich,25,low,2,2,中质量,无吸引力,正面,6
86,donut,15,high,1,2,低质量,无吸引力,正面,7
86,donut,18,low,1,1,高质量,有吸引力,正面,8
87,wine,10,high,2,1,低质量,有吸引力,中立,1
87,wine,10,low,2,2,低质量,无吸引力,中立,2
87,cake,13,high,3,2,中质量,无吸引力,中立,3
87,cake,14,low,3,1,中质量,有吸引力,中立,4
87,sandwich,20,high,4,2,中质量,有吸引力,中立,5
87,sandwich,18,low,4,1,中质量,无吸引力,中立,6
87,donut,13,high,1,1,低质量,有吸引力,中立,7
87,donut,11,low,1,2,低质量,无吸引力,中立,8
88,wine,20,high,4,1,中质量,有吸引力,中立,1
88,wine,10,low,4,2,低质量,无吸引力,中立,2
88,cake,25,high,2,2,中质量,有吸引力,中立,3
88,cake,15,low,2,1,低质量,无吸引力,中立,4
88,sandwich,40,high,3,2,高质量,有吸引力,中立,5
88,sandwich,25,low,3,1,低质量,无吸引力,中立,6
88,donut,20,high,1,2,中质量,有吸引力,中立,7
88,donut,15,low,1,1,低质量,无吸引力,中立,8
89,wine,20,high,2,2,中质量,有吸引力,中立,1
89,wine,10,low,2,1,中质量,无吸引力,中立,2
89,cake,10,high,4,1,低质量,有吸引力,中立,3
89,cake,10,low,4,2,低质量,无吸引力,中立,4
89,sandwich,30,high,1,2,高质量,有吸引力,中立,5
89,sandwich,20,low,1,1,中质量,无吸引力,中立,6
89,donut,20,high,3,2,中质量,无区别,中立,7
89,donut,10,low,3,1,高质量,无区别,中立,8
90,wine,48,high,2,1,中质量,无区别,中立,1
90,wine,12,low,2,2,中质量,无区别,中立,2
90,cake,49,high,4,1,中质量,无区别,中立,3
90,cake,18,low,4,2,中质量,无区别,中立,4
90,sandwich,43,high,1,1,中质量,无区别,中立,5
90,sandwich,11,low,1,2,中质量,无区别,中立,6
90,donut,46,high,3,1,中质量,无区别,中立,7
90,donut,15,low,3,2,中质量,无区别,中立,8
91,wine,10,high,4,1,低质量,有吸引力,中立,1
91,wine,11,low,4,2,低质量,无吸引力,中立,2
91,cake,15,high,2,1,中质量,无吸引力,中立,3
91,cake,15,low,2,2,高质量,有吸引力,中立,4
91,sandwich,16,high,1,2,高质量,有吸引力,中立,5
91,sandwich,13,low,1,1,低质量,无吸引力,中立,6
91,donut,11,high,3,2,低质量,有吸引力,中立,7
91,donut,12,low,3,1,低质量,无吸引力,中立,8
92,wine,25,high,3,1,高质量,有吸引力,正面,1
92,wine,20,low,3,2,中质量,无吸引力,正面,2
92,cake,15,high,4,2,高质量,有吸引力,正面,3
92,cake,20,low,4,1,低质量,无吸引力,正面,4
92,sandwich,20,high,1,2,中质量,有吸引力,正面,5
92,sandwich,10,low,1,1,低质量,无吸引力,正面,6
92,donut,10,high,2,2,中质量,无吸引力,正面,7
92,donut,15,low,2,1,中质量,有吸引力,正面,8
93,wine,20,high,3,1,高质量,无吸引力,正面,1
93,wine,26,low,3,2,高质量,有吸引力,正面,2
93,cake,29,high,4,2,中质量,有吸引力,正面,3
93,cake,20,low,4,1,低质量,无吸引力,正面,4
93,sandwich,30,high,2,1,高质量,有吸引力,正面,5
93,sandwich,20,low,2,2,高质量,无吸引力,正面,6
93,donut,35,high,1,1,高质量,有吸引力,正面,7
93,donut,21,low,1,2,低质量,无吸引力,正面,8
94,wine,40,high,3,1,高质量,有吸引力,正面,1
94,wine,30,low,3,2,中质量,无吸引力,正面,2
94,cake,45,high,1,1,高质量,有吸引力,正面,3
94,cake,20,low,1,2,低质量,无吸引力,正面,4
94,sandwich,35,high,4,1,高质量,有吸引力,正面,5
94,sandwich,30,low,4,2,中质量,无吸引力,正面,6
94,donut,30,high,2,2,高质量,有吸引力,正面,7
94,donut,18,low,2,1,低质量,无吸引力,正面,8
95,wine,25,high,1,1,中质量,无吸引力,非常正面,1
95,wine,30,low,1,2,高质量,有吸引力,非常正面,2
95,cake,32,high,3,2,中质量,有吸引力,非常正面,3
95,cake,24,low,3,1,中质量,无吸引力,非常正面,4
95,sandwich,33,high,2,1,高质量,有吸引力,非常正面,5
95,sandwich,21,low,2,2,中质量,无吸引力,非常正面,6
95,donut,36,high,4,1,高质量,有吸引力,非常正面,7
95,donut,22,low,4,2,低质量,无吸引力,非常正面,8
96,wine,30,high,4,2,中质量,无吸引力,正面,1
96,wine,50,low,4,1,高质量,有吸引力,正面,2
96,cake,30,high,2,2,高质量,有吸引力,正面,3
96,cake,20,low,2,1,高质量,无吸引力,正面,4
96,sandwich,25,high,1,2,高质量,有吸引力,正面,5
96,sandwich,20,low,1,1,中质量,无吸引力,正面,6
96,donut,15,high,3,2,中质量,无区别,正面,7
96,donut,20,low,3,1,中质量,无区别,正面,8
97,wine,25,high,2,2,中质量,有吸引力,中立,1
97,wine,15,low,2,1,低质量,无吸引力,中立,2
97,cake,30,high,1,1,中质量,有吸引力,中立,3
97,cake,18,low,1,2,低质量,无吸引力,中立,4
97,sandwich,20,high,4,2,中质量,有吸引力,中立,5
97,sandwich,15,low,4,1,低质量,无吸引力,中立,6
97,donut,15,high,3,1,低质量,无吸引力,中立,7
97,donut,10,low,3,2,中质量,有吸引力,中立,8
98,wine,10,high,2,2,高质量,有吸引力,非常正面,1
98,wine,10,low,2,1,低质量,无吸引力,非常正面,2
98,cake,20,high,4,1,中质量,有吸引力,非常正面,3
98,cake,20,low,4,2,低质量,无吸引力,非常正面,4
98,sandwich,12,high,3,2,高质量,有吸引力,非常正面,5
98,sandwich,12,low,3,1,高质量,无吸引力,非常正面,6
98,donut,15,high,1,1,中质量,无吸引力,非常正面,7
98,donut,15,low,1,2,中质量,有吸引力,非常正面,8
99,wine,20,high,1,2,中质量,无吸引力,正面,1
99,wine,30,low,1,1,中质量,有吸引力,正面,2
99,cake,18,high,2,1,中质量,有吸引力,正面,3
99,cake,12,low,2,2,低质量,无吸引力,正面,4
99,sandwich,15,high,4,1,低质量,无吸引力,正面,5
99,sandwich,25,low,4,2,高质量,有吸引力,正面,6
99,donut,30,high,3,1,高质量,有吸引力,正面,7
99,donut,10,low,3,2,低质量,无吸引力,正面,8
100,wine,45,high,4,2,高质量,有吸引力,非常正面,1
100,wine,30,low,4,1,高质量,无吸引力,非常正面,2
100,cake,50,high,3,2,高质量,有吸引力,非常正面,3
100,cake,15,low,3,1,高质量,无吸引力,非常正面,4
100,sandwich,20,high,2,2,中质量,无吸引力,非常正面,5
100,sandwich,40,low,2,1,高质量,有吸引力,非常正面,6
100,donut,45,high,1,1,高质量,有吸引力,非常正面,7
100,donut,20,low,1,2,中质量,无吸引力,非常正面,8
101,wine,25,high,3,2,中质量,有吸引力,正面,1
101,wine,22,low,3,1,高质量,无吸引力,正面,2
101,cake,30,high,2,2,高质量,无吸引力,正面,3
101,cake,25,low,2,1,高质量,有吸引力,正面,4
101,sandwich,30,high,1,2,高质量,有吸引力,正面,5
101,sandwich,35,low,1,1,高质量,无吸引力,正面,6
101,donut,20,high,4,2,中质量,有吸引力,正面,7
101,donut,20,low,4,1,低质量,无吸引力,正面,8
102,wine,10,high,4,2,中质量,无吸引力,中立,1
102,wine,15,low,4,1,中质量,有吸引力,中立,2
102,cake,10,high,3,2,中质量,有吸引力,中立,3
102,cake,12,low,3,1,中质量,无吸引力,中立,4
102,sandwich,10,high,1,2,低质量,无区别,中立,5
102,sandwich,15,low,1,1,低质量,无区别,中立,6
102,donut,10,high,2,1,中质量,无吸引力,中立,7
102,donut,13,low,2,2,高质量,有吸引力,中立,8
103,wine,20,high,3,1,中质量,无吸引力,正面,1
103,wine,30,low,3,2,中质量,有吸引力,正面,2
103,cake,10,high,4,2,中质量,无吸引力,正面,3
103,cake,25,low,4,1,高质量,有吸引力,正面,4
103,sandwich,20,high,1,2,中质量,有吸引力,正面,5
103,sandwich,10,low,1,1,低质量,无吸引力,正面,6
103,donut,10,high,2,1,低质量,有吸引力,正面,7
103,donut,12,low,2,2,低质量,无吸引力,正面,8
104,wine,40,high,3,2,高质量,有吸引力,正面,1
104,wine,25,low,3,1,高质量,无吸引力,正面,2
104,cake,30,high,1,2,高质量,有吸引力,正面,3
104,cake,20,low,1,1,中质量,无吸引力,正面,4
104,sandwich,30,high,2,2,中质量,无吸引力,正面,5
104,sandwich,40,low,2,1,高质量,有吸引力,正面,6
104,donut,20,high,4,1,中质量,无吸引力,正面,7
104,donut,20,low,4,2,高质量,有吸引力,正面,8
105,wine,25,high,2,1,中质量,无区别,非常正面,1
105,wine,18,low,2,2,中质量,无区别,非常正面,2
105,cake,20,high,3,1,中质量,无吸引力,非常正面,3
105,cake,20,low,3,2,中质量,有吸引力,非常正面,4
105,sandwich,25,high,1,2,中质量,有吸引力,非常正面,5
105,sandwich,22,low,1,1,低质量,无吸引力,非常正面,6
105,donut,20,high,4,2,低质量,无区别,非常正面,7
105,donut,18,low,4,1,中质量,无区别,非常正面,8
106,wine,20,high,3,2,中质量,无吸引力,非常正面,1
106,wine,25,low,3,1,高质量,有吸引力,非常正面,2
106,cake,16,high,4,2,中质量,无吸引力,非常正面,3
106,cake,20,low,4,1,高质量,有吸引力,非常正面,4
106,sandwich,30,high,2,2,高质量,有吸引力,非常正面,5
106,sandwich,16,low,2,1,低质量,无吸引力,非常正面,6
106,donut,20,high,1,1,中质量,有吸引力,非常正面,7
106,donut,15,low,1,2,中质量,无吸引力,非常正面,8
107,wine,20,high,4,1,中质量,有吸引力,正面,1
107,wine,30,low,4,2,低质量,无吸引力,正面,2
107,cake,10,high,2,1,中质量,无吸引力,正面,3
107,cake,16,low,2,2,高质量,有吸引力,正面,4
107,sandwich,20,high,3,1,高质量,有吸引力,正面,5
107,sandwich,25,low,3,2,中质量,无吸引力,正面,6
107,donut,15,high,1,1,中质量,有吸引力,正面,7
107,donut,15,low,1,2,低质量,无吸引力,正面,8
108,wine,30,high,2,2,中质量,有吸引力,非常正面,1
108,wine,15,low,2,1,低质量,无吸引力,非常正面,2
108,cake,30,high,3,2,中质量,有吸引力,非常正面,3
108,cake,10,low,3,1,中质量,无吸引力,非常正面,4
108,sandwich,30,high,4,1,中质量,有吸引力,非常正面,5
108,sandwich,10,low,4,2,低质量,无吸引力,非常正面,6
108,donut,20,high,1,1,低质量,有吸引力,非常正面,7
108,donut,10,low,1,2,低质量,无吸引力,非常正面,8
109,wine,25,high,1,1,中质量,无吸引力,非常正面,1
109,wine,20,low,1,2,高质量,有吸引力,非常正面,2
109,cake,15,high,3,2,中质量,无吸引力,非常正面,3
109,cake,30,low,3,1,高质量,有吸引力,非常正面,4
109,sandwich,30,high,2,1,高质量,有吸引力,非常正面,5
109,sandwich,15,low,2,2,中质量,无吸引力,非常正面,6
109,donut,20,high,4,1,中质量,有吸引力,非常正面,7
109,donut,15,low,4,2,低质量,无吸引力,非常正面,8
110,wine,10,high,3,2,中质量,无吸引力,非常正面,1
110,wine,12,low,3,1,高质量,有吸引力,非常正面,2
110,cake,18,high,4,2,高质量,有吸引力,非常正面,3
110,cake,13,low,4,1,低质量,无吸引力,非常正面,4
110,sandwich,25,high,2,1,高质量,有吸引力,非常正面,5
110,sandwich,15,low,2,2,中质量,无吸引力,非常正面,6
110,donut,15,high,1,2,中质量,有吸引力,非常正面,7
110,donut,10,low,1,1,低质量,无吸引力,非常正面,8
111,wine,30,high,3,2,中质量,无吸引力,正面,1
111,wine,35,low,3,1,高质量,有吸引力,正面,2
111,cake,15,high,4,1,高质量,无吸引力,正面,3
111,cake,30,low,4,2,高质量,有吸引力,正面,4
111,sandwich,20,high,2,1,高质量,有吸引力,正面,5
111,sandwich,10,low,2,2,中质量,无吸引力,正面,6
111,donut,12,high,1,2,低质量,无区别,正面,7
111,donut,11,low,1,1,低质量,无区别,正面,8
112,wine,20,high,1,1,高质量,有吸引力,非常正面,1
112,wine,15,low,1,2,高质量,无吸引力,非常正面,2
112,cake,32,high,3,1,高质量,有吸引力,非常正面,3
112,cake,15,low,3,2,中质量,无吸引力,非常正面,4
112,sandwich,34,high,4,2,中质量,有吸引力,非常正面,5
112,sandwich,10,low,4,1,高质量,无吸引力,非常正面,6
112,donut,28,high,2,1,高质量,有吸引力,非常正面,7
112,donut,15,low,2,2,中质量,无吸引力,非常正面,8
113,wine,20,high,2,2,中质量,无吸引力,中立,1
113,wine,35,low,2,1,中质量,有吸引力,中立,2
113,cake,40,high,3,2,高质量,有吸引力,中立,3
113,cake,20,low,3,1,低质量,无吸引力,中立,4
113,sandwich,25,high,1,1,中质量,有吸引力,中立,5
113,sandwich,13,low,1,2,低质量,无吸引力,中立,6
113,donut,25,high,4,2,中质量,有吸引力,中立,7
113,donut,10,low,4,1,低质量,无吸引力,中立,8
114,wine,23,high,2,1,中质量,无吸引力,正面,1
114,wine,25,low,2,2,中质量,有吸引力,正面,2
114,cake,15,high,4,1,中质量,无吸引力,正面,3
114,cake,12,low,4,2,高质量,有吸引力,正面,4
114,sandwich,15,high,3,1,高质量,无吸引力,正面,5
114,sandwich,16,low,3,2,中质量,有吸引力,正面,6
114,donut,16,high,1,1,高质量,有吸引力,正面,7
114,donut,15,low,1,2,高质量,无吸引力,正面,8
115,wine,28,high,3,2,中质量,无吸引力,正面,1
115,wine,20,low,3,1,中质量,有吸引力,正面,2
115,cake,25,high,2,2,中质量,有吸引力,正面,3
115,cake,30,low,2,1,低质量,无吸引力,正面,4
115,sandwich,32,high,4,1,中质量,无吸引力,正面,5
115,sandwich,24,low,4,2,高质量,有吸引力,正面,6
115,donut,22,high,1,1,中质量,无吸引力,正面,7
115,donut,19,low,1,2,高质量,有吸引力,正面,8
116,wine,10,high,4,1,低质量,有吸引力,非常正面,1
116,wine,10,low,4,2,中质量,无吸引力,非常正面,2
116,cake,10,high,2,1,中质量,无吸引力,非常正面,3
116,cake,13,low,2,2,中质量,有吸引力,非常正面,4
116,sandwich,12,high,1,2,中质量,有吸引力,非常正面,5
116,sandwich,12,low,1,1,中质量,无吸引力,非常正面,6
116,donut,10,high,3,1,低质量,无区别,非常正面,7
116,donut,10,low,3,2,低质量,无区别,非常正面,8
117,wine,10,high,2,1,中质量,无吸引力,正面,1
117,wine,15,low,2,2,中质量,有吸引力,正面,2
117,cake,15,high,3,1,高质量,有吸引力,正面,3
117,cake,10,low,3,2,中质量,无吸引力,正面,4
117,sandwich,20,high,1,2,高质量,有吸引力,正面,5
117,sandwich,15,low,1,1,高质量,无吸引力,正面,6
117,donut,20,high,4,1,中质量,有吸引力,正面,7
117,donut,15,low,4,2,中质量,无吸引力,正面,8
118,wine,20,high,4,1,中质量,有吸引力,正面,1
118,wine,20,low,4,2,低质量,无吸引力,正面,2
118,cake,30,high,3,1,高质量,有吸引力,正面,3
118,cake,20,low,3,2,低质量,无吸引力,正面,4
118,sandwich,20,high,2,1,中质量,无吸引力,正面,5
118,sandwich,30,low,2,2,高质量,有吸引力,正面,6
118,donut,20,high,1,1,中质量,无吸引力,正面,7
118,donut,10,low,1,2,中质量,有吸引力,正面,8
119,wine,12,high,1,2,中质量,无吸引力,正面,1
119,wine,10,low,1,1,高质量,有吸引力,正面,2
119,cake,15,high,2,1,高质量,有吸引力,正面,3
119,cake,13,low,2,2,中质量,无吸引力,正面,4
119,sandwich,24,high,4,2,高质量,有吸引力,正面,5
119,sandwich,28,low,4,1,中质量,无吸引力,正面,6
119,donut,21,high,3,1,中质量,有吸引力,正面,7
119,donut,17,low,3,2,高质量,无吸引力,正面,8
120,wine,25,high,2,1,中质量,无区别,正面,1
120,wine,15,low,2,2,中质量,无区别,正面,2
120,cake,28,high,1,2,高质量,有吸引力,正面,3
120,cake,11,low,1,1,低质量,无吸引力,正面,4
120,sandwich,25,high,4,1,高质量,有吸引力,正面,5
120,sandwich,20,low,4,2,中质量,无吸引力,正面,6
120,donut,30,high,3,2,高质量,有吸引力,正面,7
120,donut,15,low,3,1,中质量,无吸引力,正面,8
121,wine,22,high,3,2,低质量,无吸引力,正面,1
121,wine,25,low,3,1,中质量,有吸引力,正面,2
121,cake,20,high,4,2,高质量,有吸引力,正面,3
121,cake,30,low,4,1,高质量,无吸引力,正面,4
121,sandwich,15,high,2,2,高质量,无吸引力,正面,5
121,sandwich,25,low,2,1,低质量,有吸引力,正面,6
121,donut,10,high,1,2,中质量,有吸引力,正面,7
121,donut,16,low,1,1,中质量,无吸引力,正面,8
122,wine,20,high,1,2,中质量,有吸引力,正面,1
122,wine,12,low,1,1,中质量,无吸引力,正面,2
122,cake,15,high,4,2,高质量,有吸引力,正面,3
122,cake,10,low,4,1,低质量,无吸引力,正面,4
122,sandwich,20,high,3,1,高质量,有吸引力,正面,5
122,sandwich,14,low,3,2,中质量,无吸引力,正面,6
122,donut,15,high,2,1,中质量,有吸引力,正面,7
122,donut,12,low,2,2,高质量,无吸引力,正面,8
123,wine,25,high,2,2,高质量,有吸引力,正面,1
123,wine,10,low,2,1,中质量,无吸引力,正面,2
123,cake,12,high,3,1,高质量,有吸引力,正面,3
123,cake,18,low,3,2,低质量,无吸引力,正面,4
123,sandwich,12,high,1,1,中质量,无吸引力,正面,5
123,sandwich,15,low,1,2,中质量,有吸引力,正面,6
123,donut,10,high,4,2,低质量,无区别,正面,7
123,donut,10,low,4,1,低质量,无区别,正面,8
124,wine,50,high,4,1,中质量,有吸引力,非常正面,1
124,wine,30,low,4,2,高质量,无吸引力,非常正面,2
124,cake,50,high,1,2,中质量,有吸引力,非常正面,3
124,cake,15,low,1,1,高质量,无吸引力,非常正面,4
124,sandwich,30,high,3,2,高质量,有吸引力,非常正面,5
124,sandwich,15,low,3,1,高质量,无吸引力,非常正面,6
124,donut,40,high,2,2,高质量,有吸引力,非常正面,7
124,donut,15,low,2,1,高质量,无吸引力,非常正面,8
125,wine,15,high,4,1,高质量,无吸引力,非常正面,1
125,wine,30,low,4,2,高质量,有吸引力,非常正面,2
125,cake,20,high,2,2,高质量,有吸引力,非常正面,3
125,cake,10,low,2,1,中质量,无吸引力,非常正面,4
125,sandwich,30,high,1,1,高质量,有吸引力,非常正面,5
125,sandwich,10,low,1,2,中质量,无吸引力,非常正面,6
125,donut,10,high,3,2,中质量,无吸引力,非常正面,7
125,donut,20,low,3,1,高质量,有吸引力,非常正面,8
126,wine,15,high,3,2,中质量,无吸引力,正面,1
126,wine,20,low,3,1,中质量,有吸引力,正面,2
126,cake,18,high,1,1,中质量,无吸引力,正面,3
126,cake,20,low,1,2,高质量,有吸引力,正面,4
126,sandwich,22,high,2,1,高质量,有吸引力,正面,5
126,sandwich,17,low,2,2,低质量,无吸引力,正面,6
126,donut,15,high,4,1,中质量,有吸引力,正面,7
126,donut,13,low,4,2,中质量,无吸引力,正面,8
127,wine,42,high,2,2,中质量,有吸引力,非常正面,1
127,wine,38,low,2,1,高质量,无吸引力,非常正面,2
127,cake,46,high,4,2,中质量,有吸引力,非常正面,3
127,cake,20,low,4,1,中质量,无吸引力,非常正面,4
127,sandwich,12,high,3,1,低质量,无吸引力,非常正面,5
127,sandwich,30,low,3,2,高质量,有吸引力,非常正面,6
127,donut,43,high,1,1,高质量,有吸引力,非常正面,7
127,donut,11,low,1,2,低质量,无吸引力,非常正面,8
128,wine,40,high,3,2,中质量,有吸引力,非常正面,1
128,wine,35,low,3,1,中质量,无吸引力,非常正面,2
128,cake,25,high,1,1,中质量,有吸引力,非常正面,3
128,cake,35,low,1,2,中质量,无吸引力,非常正面,4
128,sandwich,30,high,2,1,高质量,有吸引力,非常正面,5
128,sandwich,20,low,2,2,高质量,无吸引力,非常正面,6
128,donut,30,high,4,2,高质量,有吸引力,非常正面,7
128,donut,15,low,4,1,低质量,无吸引力,非常正面,8
129,wine,25,high,1,1,高质量,无区别,中立,1
129,wine,35,low,1,2,中质量,无区别,中立,2
129,cake,25,high,4,1,高质量,有吸引力,中立,3
129,cake,25,low,4,2,中质量,无吸引力,中立,4
129,sandwich,15,high,3,1,中质量,无区别,中立,5
129,sandwich,12,low,3,2,中质量,无区别,中立,6
129,donut,15,high,2,2,中质量,有吸引力,中立,7
129,donut,10,low,2,1,中质量,无吸引力,中立,8
130,wine,15,high,3,2,中质量,有吸引力,中立,1
130,wine,18,low,3,1,低质量,无吸引力,中立,2
130,cake,25,high,1,1,中质量,有吸引力,中立,3
130,cake,18,low,1,2,低质量,无吸引力,中立,4
130,sandwich,20,high,2,1,中质量,有吸引力,中立,5
130,sandwich,15,low,2,2,低质量,无吸引力,中立,6
130,donut,16,high,4,2,低质量,有吸引力,中立,7
130,donut,12,low,4,1,低质量,无吸引力,中立,8
131,wine,35,high,3,1,中质量,无吸引力,中立,1
131,wine,32,low,3,2,中质量,有吸引力,中立,2
131,cake,28,high,4,2,高质量,有吸引力,中立,3
131,cake,15,low,4,1,低质量,无吸引力,中立,4
131,sandwich,23,high,2,2,高质量,有吸引力,中立,5
131,sandwich,20,low,2,1,中质量,无吸引力,中立,6
131,donut,15,high,1,1,中质量,无区别,中立,7
131,donut,15,low,1,2,低质量,无区别,中立,8
132,wine,40,high,1,1,高质量,无区别,正面,1
132,wine,30,low,1,2,中质量,无区别,正面,2
132,cake,20,high,3,2,高质量,有吸引力,正面,3
132,cake,30,low,3,1,中质量,无吸引力,正面,4
132,sandwich,40,high,2,1,中质量,无吸引力,正面,5
132,sandwich,20,low,2,2,高质量,有吸引力,正面,6
132,donut,30,high,4,1,中质量,有吸引力,正面,7
132,donut,20,low,4,2,中质量,无吸引力,正面,8
133,wine,15,high,2,1,低质量,无吸引力,中立,1
133,wine,20,low,2,2,中质量,有吸引力,中立,2
133,cake,30,high,4,1,高质量,有吸引力,中立,3
133,cake,10,low,4,2,低质量,无吸引力,中立,4
133,sandwich,15,high,1,1,中质量,有吸引力,中立,5
133,sandwich,10,low,1,2,低质量,无吸引力,中立,6
133,donut,10,high,3,1,低质量,无区别,中立,7
133,donut,10,low,3,2,低质量,无区别,中立,8
134,wine,15,high,3,2,中质量,有吸引力,中立,1
134,wine,10,low,3,1,中质量,无吸引力,中立,2
134,cake,10,high,4,1,高质量,有吸引力,中立,3
134,cake,15,low,4,2,中质量,无吸引力,中立,4
134,sandwich,12,high,1,1,中质量,无区别,中立,5
134,sandwich,15,low,1,2,中质量,无区别,中立,6
134,donut,15,high,2,1,中质量,有吸引力,中立,7
134,donut,10,low,2,2,低质量,无吸引力,中立,8
135,wine,35,high,2,1,中质量,有吸引力,中立,1
135,wine,30,low,2,2,低质量,无吸引力,中立,2
135,cake,10,high,4,1,中质量,无吸引力,中立,3
135,cake,10,low,4,2,低质量,有吸引力,中立,4
135,sandwich,20,high,3,1,高质量,有吸引力,中立,5
135,sandwich,20,low,3,2,中质量,无吸引力,中立,6
135,donut,12,high,1,2,低质量,无区别,中立,7
135,donut,10,low,1,1,低质量,无区别,中立,8
136,wine,35,high,2,1,中质量,有吸引力,中立,1
136,wine,30,low,2,2,中质量,无吸引力,中立,2
136,cake,20,high,4,2,中质量,无吸引力,中立,3
136,cake,15,low,4,1,低质量,有吸引力,中立,4
136,sandwich,25,high,3,2,高质量,有吸引力,中立,5
136,sandwich,15,low,3,1,中质量,无吸引力,中立,6
136,donut,15,high,1,1,低质量,无区别,中立,7
136,donut,10,low,1,2,低质量,无区别,中立,8
137,wine,26,high,4,1,高质量,有吸引力,正面,1
137,wine,22,low,4,2,中质量,无吸引力,正面,2
137,cake,25,high,2,1,中质量,有吸引力,正面,3
137,cake,18,low,2,2,中质量,无吸引力,正面,4
137,sandwich,30,high,1,2,中质量,无区别,正面,5
137,sandwich,28,low,1,1,中质量,无区别,正面,6
137,donut,28,high,3,1,高质量,无区别,正面,7
137,donut,28,low,3,2,中质量,无区别,正面,8
138,wine,10,high,1,2,低质量,无吸引力,正面,1
138,wine,15,low,1,1,中质量,有吸引力,正面,2
138,cake,10,high,2,1,中质量,有吸引力,正面,3
138,cake,10,low,2,2,低质量,无吸引力,正面,4
138,sandwich,10,high,3,1,低质量,无吸引力,正面,5
138,sandwich,20,low,3,2,中质量,有吸引力,正面,6
138,donut,15,high,4,2,中质量,有吸引力,正面,7
138,donut,10,low,4,1,低质量,无吸引力,正面,8
139,wine,16,high,3,1,低质量,无吸引力,正面,1
139,wine,18,low,3,2,中质量,有吸引力,正面,2
139,cake,20,high,1,1,低质量,有吸引力,正面,3
139,cake,10,low,1,2,低质量,无吸引力,正面,4
139,sandwich,12,high,4,1,低质量,无区别,正面,5
139,sandwich,15,low,4,2,低质量,无区别,正面,6
139,donut,17,high,2,2,高质量,有吸引力,正面,7
139,donut,10,low,2,1,低质量,无吸引力,正面,8
140,wine,25,high,4,1,高质量,无吸引力,中立,1
140,wine,16,low,4,2,低质量,有吸引力,中立,2
140,cake,36,high,1,2,低质量,有吸引力,中立,3
140,cake,27,low,1,1,高质量,无吸引力,中立,4
140,sandwich,27,high,3,2,低质量,无区别,中立,5
140,sandwich,29,low,3,1,中质量,无区别,中立,6
140,donut,46,high,2,1,高质量,无吸引力,中立,7
140,donut,38,low,2,2,中质量,有吸引力,中立,8
141,wine,30,high,4,2,低质量,无吸引力,正面,1
141,wine,30,low,4,1,中质量,有吸引力,正面,2
141,cake,15,high,1,1,低质量,有吸引力,正面,3
141,cake,15,low,1,2,低质量,无吸引力,正面,4
141,sandwich,20,high,2,2,中质量,有吸引力,正面,5
141,sandwich,20,low,2,1,中质量,无吸引力,正面,6
141,donut,25,high,3,2,中质量,有吸引力,正面,7
141,donut,15,low,3,1,低质量,无吸引力,正面,8
142,wine,35,high,1,1,高质量,无吸引力,非常正面,1
142,wine,30,low,1,2,中质量,有吸引力,非常正面,2
142,cake,34,high,2,1,中质量,无吸引力,非常正面,3
142,cake,30,low,2,2,低质量,有吸引力,非常正面,4
142,sandwich,40,high,3,1,中质量,有吸引力,非常正面,5
142,sandwich,25,low,3,2,中质量,无吸引力,非常正面,6
142,donut,30,high,4,2,中质量,有吸引力,非常正面,7
142,donut,25,low,4,1,高质量,无吸引力,非常正面,8
143,wine,20,high,3,1,高质量,有吸引力,正面,1
143,wine,25,low,3,2,中质量,无吸引力,正面,2
143,cake,10,high,4,2,高质量,无吸引力,正面,3
143,cake,25,low,4,1,高质量,有吸引力,正面,4
143,sandwich,20,high,1,1,中质量,无区别,正面,5
143,sandwich,20,low,1,2,中质量,无区别,正面,6
143,donut,25,high,2,2,中质量,有吸引力,正面,7
143,donut,15,low,2,1,中质量,无吸引力,正面,8
144,wine,11,high,3,1,中质量,无区别,正面,1
144,wine,12,low,3,2,中质量,无区别,正面,2
144,cake,10,high,4,1,低质量,有吸引力,正面,3
144,cake,12,low,4,2,高质量,无吸引力,正面,4
144,sandwich,15,high,2,2,低质量,有吸引力,正面,5
144,sandwich,10,low,2,1,高质量,无吸引力,正面,6
144,donut,13,high,1,2,高质量,无吸引力,正面,7
144,donut,12,low,1,1,中质量,有吸引力,正面,8
145,wine,15,high,1,2,中质量,无吸引力,非常正面,1
145,wine,20,low,1,1,中质量,有吸引力,非常正面,2
145,cake,22,high,2,1,中质量,有吸引力,非常正面,3
145,cake,11,low,2,2,低质量,无吸引力,非常正面,4
145,sandwich,30,high,3,2,中质量,有吸引力,非常正面,5
145,sandwich,15,low,3,1,低质量,无吸引力,非常正面,6
145,donut,17,high,4,2,中质量,有吸引力,非常正面,7
145,donut,10,low,4,1,低质量,无吸引力,非常正面,8
146,wine,20,high,2,2,高质量,有吸引力,非常正面,1
146,wine,11,low,2,1,中质量,无吸引力,非常正面,2
146,cake,30,high,3,2,高质量,有吸引力,非常正面,3
146,cake,12,low,3,1,中质量,无吸引力,非常正面,4
146,sandwich,30,high,4,2,高质量,有吸引力,非常正面,5
146,sandwich,10,low,4,1,高质量,无吸引力,非常正面,6
146,donut,20,high,1,1,高质量,有吸引力,非常正面,7
146,donut,10,low,1,2,中质量,无吸引力,非常正面,8
147,wine,25,high,3,2,高质量,有吸引力,中立,1
147,wine,15,low,3,1,高质量,无吸引力,中立,2
147,cake,20,high,2,2,中质量,有吸引力,中立,3
147,cake,10,low,2,1,中质量,无吸引力,中立,4
147,sandwich,30,high,4,1,高质量,无吸引力,中立,5
147,sandwich,25,low,4,2,中质量,有吸引力,中立,6
147,donut,10,high,1,2,中质量,无区别,中立,7
147,donut,10,low,1,1,中质量,无区别,中立,8
148,wine,20,high,1,1,高质量,无吸引力,中立,1
148,wine,25,low,1,2,高质量,有吸引力,中立,2
148,cake,15,high,3,2,中质量,有吸引力,中立,3
148,cake,15,low,3,1,低质量,无吸引力,中立,4
148,sandwich,20,high,4,1,中质量,无吸引力,中立,5
148,sandwich,25,low,4,2,高质量,有吸引力,中立,6
148,donut,20,high,2,2,中质量,有吸引力,中立,7
148,donut,15,low,2,1,低质量,无吸引力,中立,8
149,wine,30,high,1,2,高质量,有吸引力,非常正面,1
149,wine,25,low,1,1,高质量,无吸引力,非常正面,2
149,cake,16,high,3,1,中质量,无吸引力,非常正面,3
149,cake,36,low,3,2,中质量,有吸引力,非常正面,4
149,sandwich,23,high,4,2,中质量,无吸引力,非常正面,5
149,sandwich,41,low,4,1,中质量,有吸引力,非常正面,6
149,donut,21,high,2,2,中质量,有吸引力,非常正面,7
149,donut,28,low,2,1,中质量,无吸引力,非常正面,8
150,wine,18,high,2,2,中质量,无区别,正面,1
150,wine,16,low,2,1,中质量,无区别,正面,2
150,cake,12,high,1,1,中质量,无吸引力,正面,3
150,cake,22,low,1,2,高质量,有吸引力,正面,4
150,sandwich,18,high,4,1,高质量,有吸引力,正面,5
150,sandwich,22,low,4,2,中质量,无吸引力,正面,6
150,donut,16,high,3,2,低质量,无吸引力,正面,7
150,donut,18,low,3,1,中质量,有吸引力,正面,8
151,wine,24,high,4,2,高质量,无区别,中立,1
151,wine,37,low,4,1,中质量,无区别,中立,2
151,cake,34,high,2,1,中质量,无吸引力,中立,3
151,cake,26,low,2,2,低质量,有吸引力,中立,4
151,sandwich,39,high,1,1,低质量,有吸引力,中立,5
151,sandwich,28,low,1,2,中质量,无吸引力,中立,6
151,donut,37,high,3,1,高质量,无区别,中立,7
151,donut,27,low,3,2,高质量,无区别,中立,8
152,wine,15,high,1,2,中质量,无吸引力,正面,1
152,wine,15,low,1,1,中质量,有吸引力,正面,2
152,cake,10,high,2,2,低质量,无吸引力,正面,3
152,cake,20,low,2,1,中质量,有吸引力,正面,4
152,sandwich,30,high,4,2,高质量,有吸引力,正面,5
152,sandwich,20,low,4,1,高质量,无吸引力,正面,6
152,donut,35,high,3,1,高质量,有吸引力,正面,7
152,donut,10,low,3,2,低质量,无吸引力,正面,8
153,wine,20,high,3,1,中质量,无吸引力,非常正面,1
153,wine,12,low,3,2,中质量,有吸引力,非常正面,2
153,cake,26,high,2,1,中质量,有吸引力,非常正面,3
153,cake,23,low,2,2,高质量,无吸引力,非常正面,4
153,sandwich,10,high,1,2,低质量,无吸引力,非常正面,5
153,sandwich,20,low,1,1,高质量,有吸引力,非常正面,6
153,donut,10,high,4,1,中质量,无吸引力,非常正面,7
153,donut,30,low,4,2,低质量,有吸引力,非常正面,8
154,wine,14,high,3,2,高质量,无吸引力,中立,1
154,wine,16,low,3,1,中质量,有吸引力,中立,2
154,cake,15,high,1,1,高质量,有吸引力,中立,3
154,cake,11,low,1,2,低质量,无吸引力,中立,4
154,sandwich,15,high,2,1,高质量,有吸引力,中立,5
154,sandwich,11,low,2,2,低质量,无吸引力,中立,6
154,donut,15,high,4,2,中质量,有吸引力,中立,7
154,donut,12,low,4,1,低质量,无吸引力,中立,8
155,wine,14,high,4,1,中质量,无吸引力,负面,1
155,wine,15,low,4,2,高质量,有吸引力,负面,2
155,cake,22,high,2,1,中质量,无吸引力,负面,3
155,cake,21,low,2,2,中质量,有吸引力,负面,4
155,sandwich,23,high,1,2,中质量,无吸引力,负面,5
155,sandwich,24,low,1,1,中质量,有吸引力,负面,6
155,donut,13,high,3,1,中质量,无吸引力,负面,7
155,donut,12,low,3,2,中质量,有吸引力,负面,8
156,wine,20,high,3,2,中质量,无区别,正面,1
156,wine,25,low,3,1,低质量,无区别,正面,2
156,cake,15,high,1,2,中质量,无吸引力,正面,3
156,cake,16,low,1,1,高质量,有吸引力,正面,4
156,sandwich,10,high,4,1,低质量,无吸引力,正面,5
156,sandwich,12,low,4,2,低质量,有吸引力,正面,6
156,donut,10,high,2,1,低质量,无区别,正面,7
156,donut,10,low,2,2,中质量,无区别,正面,8
157,wine,20,high,3,1,低质量,有吸引力,正面,1
157,wine,25,low,3,2,高质量,无吸引力,正面,2
157,cake,30,high,2,1,高质量,有吸引力,正面,3
157,cake,22,low,2,2,低质量,无吸引力,正面,4
157,sandwich,28,high,4,2,高质量,有吸引力,正面,5
157,sandwich,20,low,4,1,中质量,无吸引力,正面,6
157,donut,30,high,1,1,中质量,有吸引力,正面,7
157,donut,20,low,1,2,低质量,无吸引力,正面,8
158,wine,20,high,4,2,中质量,有吸引力,正面,1
158,wine,15,low,4,1,中质量,无吸引力,正面,2
158,cake,30,high,2,2,高质量,有吸引力,正面,3
158,cake,20,low,2,1,低质量,无吸引力,正面,4
158,sandwich,25,high,1,1,中质量,有吸引力,正面,5
158,sandwich,15,low,1,2,低质量,无吸引力,正面,6
158,donut,20,high,3,2,高质量,有吸引力,正面,7
158,donut,15,low,3,1,低质量,无吸引力,正面,8
159,wine,21,high,3,1,低质量,无吸引力,非常正面,1
159,wine,26,low,3,2,中质量,有吸引力,非常正面,2
159,cake,15,high,4,1,高质量,无吸引力,非常正面,3
159,cake,20,low,4,2,高质量,有吸引力,非常正面,4
159,sandwich,25,high,2,2,中质量,有吸引力,非常正面,5
159,sandwich,18,low,2,1,中质量,无吸引力,非常正面,6
159,donut,26,high,1,2,中质量,无吸引力,非常正面,7
159,donut,20,low,1,1,高质量,有吸引力,非常正面,8
160,wine,34,high,2,1,中质量,有吸引力,非常负面,1
160,wine,19,low,2,2,中质量,无吸引力,非常负面,2
160,cake,22,high,4,2,中质量,无区别,非常负面,3
160,cake,10,low,4,1,中质量,无区别,非常负面,4
160,sandwich,25,high,3,2,中质量,无吸引力,非常负面,5
160,sandwich,16,low,3,1,低质量,有吸引力,非常负面,6
160,donut,24,high,1,2,高质量,有吸引力,非常负面,7
160,donut,29,low,1,1,低质量,无吸引力,非常负面,8
161,wine,15,high,4,1,低质量,无吸引力,非常正面,1
161,wine,15,low,4,2,高质量,有吸引力,非常正面,2
161,cake,20,high,2,2,中质量,有吸引力,非常正面,3
161,cake,12,low,2,1,中质量,无吸引力,非常正面,4
161,sandwich,14,high,1,1,中质量,有吸引力,非常正面,5
161,sandwich,20,low,1,2,低质量,无吸引力,非常正面,6
161,donut,13,high,3,1,中质量,有吸引力,非常正面,7
161,donut,15,low,3,2,低质量,无吸引力,非常正面,8
162,wine,15,high,1,1,中质量,无区别,正面,1
162,wine,10,low,1,2,中质量,无区别,正面,2
162,cake,15,high,3,1,高质量,有吸引力,正面,3
162,cake,10,low,3,2,中质量,无吸引力,正面,4
162,sandwich,20,high,4,2,中质量,有吸引力,正面,5
162,sandwich,10,low,4,1,中质量,无吸引力,正面,6
162,donut,10,high,2,1,低质量,无区别,正面,7
162,donut,10,low,2,2,低质量,无区别,正面,8
163,wine,30,high,3,1,中质量,无吸引力,中立,1
163,wine,35,low,3,2,中质量,有吸引力,中立,2
163,cake,30,high,1,1,中质量,有吸引力,中立,3
163,cake,25,low,1,2,中质量,无吸引力,中立,4
163,sandwich,20,high,2,2,中质量,有吸引力,中立,5
163,sandwich,20,low,2,1,低质量,无吸引力,中立,6
163,donut,25,high,4,1,中质量,有吸引力,中立,7
163,donut,20,low,4,2,中质量,无吸引力,中立,8
164,wine,35,high,4,2,高质量,有吸引力,正面,1
164,wine,20,low,4,1,中质量,无吸引力,正面,2
164,cake,25,high,1,2,低质量,无吸引力,正面,3
164,cake,20,low,1,1,低质量,有吸引力,正面,4
164,sandwich,30,high,2,2,中质量,有吸引力,正面,5
164,sandwich,30,low,2,1,低质量,无吸引力,正面,6
164,donut,40,high,3,1,中质量,无吸引力,正面,7
164,donut,30,low,3,2,中质量,有吸引力,正面,8
165,wine,30,high,4,1,中质量,无区别,正面,1
165,wine,25,low,4,2,低质量,无区别,正面,2
165,cake,15,high,2,1,中质量,有吸引力,正面,3
165,cake,10,low,2,2,低质量,无吸引力,正面,4
165,sandwich,20,high,3,1,中质量,无吸引力,正面,5
165,sandwich,15,low,3,2,低质量,有吸引力,正面,6
165,donut,25,high,1,1,中质量,有吸引力,正面,7
165,donut,20,low,1,2,低质量,无吸引力,正面,8
166,wine,11,high,1,1,中质量,有吸引力,正面,1
166,wine,10,low,1,2,中质量,无吸引力,正面,2
166,cake,30,high,2,2,高质量,有吸引力,正面,3
166,cake,10,low,2,1,中质量,无吸引力,正面,4
166,sandwich,22,high,3,2,高质量,有吸引力,正面,5
166,sandwich,16,low,3,1,高质量,无吸引力,正面,6
166,donut,40,high,4,1,高质量,有吸引力,正面,7
166,donut,10,low,4,2,低质量,无吸引力,正面,8
167,wine,11,high,1,1,中质量,有吸引力,非常正面,1
167,wine,15,low,1,2,低质量,无吸引力,非常正面,2
167,cake,13,high,2,2,高质量,有吸引力,非常正面,3
167,cake,15,low,2,1,低质量,无吸引力,非常正面,4
167,sandwich,12,high,4,2,低质量,无吸引力,非常正面,5
167,sandwich,15,low,4,1,中质量,有吸引力,非常正面,6
167,donut,15,high,3,1,中质量,有吸引力,非常正面,7
167,donut,13,low,3,2,中质量,无吸引力,非常正面,8
168,wine,20,high,3,2,高质量,无吸引力,非常正面,1
168,wine,20,low,3,1,中质量,有吸引力,非常正面,2
168,cake,15,high,2,2,低质量,无吸引力,非常正面,3
168,cake,20,low,2,1,低质量,有吸引力,非常正面,4
168,sandwich,13,high,4,1,中质量,有吸引力,非常正面,5
168,sandwich,12,low,4,2,中质量,无吸引力,非常正面,6
168,donut,11,high,1,1,中质量,有吸引力,非常正面,7
168,donut,12,low,1,2,低质量,无吸引力,非常正面,8
169,wine,20,high,1,1,高质量,无吸引力,非常正面,1
169,wine,50,low,1,2,高质量,有吸引力,非常正面,2
169,cake,30,high,3,1,中质量,有吸引力,非常正面,3
169,cake,28,low,3,2,中质量,无吸引力,非常正面,4
169,sandwich,18,high,4,1,高质量,无吸引力,非常正面,5
169,sandwich,29,low,4,2,高质量,有吸引力,非常正面,6
169,donut,15,high,2,2,中质量,有吸引力,非常正面,7
169,donut,18,low,2,1,中质量,无吸引力,非常正面,8
170,wine,34,high,1,2,高质量,有吸引力,正面,1
170,wine,35,low,1,1,低质量,无吸引力,正面,2
170,cake,25,high,4,1,低质量,无吸引力,正面,3
170,cake,35,low,4,2,低质量,有吸引力,正面,4
170,sandwich,10,high,2,2,中质量,无吸引力,正面,5
170,sandwich,10,low,2,1,中质量,有吸引力,正面,6
170,donut,16,high,3,1,低质量,无区别,正面,7
170,donut,17,low,3,2,低质量,无区别,正面,8
171,wine,32,high,4,2,中质量,无吸引力,正面,1
171,wine,45,low,4,1,低质量,有吸引力,正面,2
171,cake,30,high,2,2,中质量,有吸引力,正面,3
171,cake,15,low,2,1,中质量,无吸引力,正面,4
171,sandwich,10,high,1,1,中质量,无吸引力,正面,5
171,sandwich,20,low,1,2,中质量,有吸引力,正面,6
171,donut,20,high,3,2,低质量,无区别,正面,7
171,donut,30,low,3,1,低质量,无区别,正面,8
172,wine,15,high,4,1,中质量,有吸引力,中立,1
172,wine,10,low,4,2,中质量,无吸引力,中立,2
172,cake,10,high,1,2,高质量,有吸引力,中立,3
172,cake,10,low,1,1,低质量,无吸引力,中立,4
172,sandwich,12,high,2,1,低质量,有吸引力,中立,5
172,sandwich,10,low,2,2,低质量,无吸引力,中立,6
172,donut,10,high,3,1,低质量,无吸引力,中立,7
172,donut,12,low,3,2,高质量,有吸引力,中立,8
173,wine,18,high,2,2,低质量,无吸引力,正面,1
173,wine,18,low,2,1,低质量,有吸引力,正面,2
173,cake,10,high,3,1,低质量,无吸引力,正面,3
173,cake,10,low,3,2,低质量,有吸引力,正面,4
173,sandwich,20,high,4,2,中质量,有吸引力,正面,5
173,sandwich,10,low,4,1,低质量,无吸引力,正面,6
173,donut,10,high,1,2,低质量,无吸引力,正面,7
173,donut,10,low,1,1,低质量,有吸引力,正面,8
174,wine,30,high,3,2,中质量,无区别,非常正面,1
174,wine,22,low,3,1,低质量,无区别,非常正面,2
174,cake,20,high,1,2,中质量,无吸引力,非常正面,3
174,cake,45,low,1,1,中质量,有吸引力,非常正面,4
174,sandwich,50,high,2,2,低质量,无吸引力,非常正面,5
174,sandwich,25,low,2,1,低质量,有吸引力,非常正面,6
174,donut,15,high,4,1,低质量,有吸引力,非常正面,7
174,donut,10,low,4,2,低质量,无吸引力,非常正面,8
175,wine,32,high,3,1,中质量,无吸引力,中立,1
175,wine,25,low,3,2,高质量,有吸引力,中立,2
175,cake,26,high,4,2,中质量,有吸引力,中立,3
175,cake,10,low,4,1,低质量,无吸引力,中立,4
175,sandwich,20,high,2,1,中质量,无吸引力,中立,5
175,sandwich,30,low,2,2,中质量,有吸引力,中立,6
175,donut,31,high,1,1,中质量,有吸引力,中立,7
175,donut,10,low,1,2,中质量,无吸引力,中立,8
176,wine,25,high,4,1,高质量,有吸引力,非常正面,1
176,wine,30,low,4,2,中质量,无吸引力,非常正面,2
176,cake,22,high,3,2,高质量,有吸引力,非常正面,3
176,cake,25,low,3,1,中质量,无吸引力,非常正面,4
176,sandwich,26,high,2,2,高质量,有吸引力,非常正面,5
176,sandwich,28,low,2,1,高质量,无吸引力,非常正面,6
176,donut,40,high,1,1,中质量,有吸引力,非常正面,7
176,donut,35,low,1,2,高质量,无吸引力,非常正面,8
177,wine,20,high,2,2,中质量,有吸引力,中立,1
177,wine,15,low,2,1,中质量,无吸引力,中立,2
177,cake,30,high,1,2,高质量,有吸引力,中立,3
177,cake,15,low,1,1,中质量,无吸引力,中立,4
177,sandwich,20,high,4,2,高质量,有吸引力,中立,5
177,sandwich,20,low,4,1,低质量,无吸引力,中立,6
177,donut,10,high,3,1,高质量,无吸引力,中立,7
177,donut,10,low,3,2,低质量,有吸引力,中立,8
178,wine,15,high,4,2,高质量,有吸引力,非常正面,1
178,wine,15,low,4,1,高质量,无吸引力,非常正面,2
178,cake,10,high,1,1,高质量,无吸引力,非常正面,3
178,cake,20,low,1,2,高质量,有吸引力,非常正面,4
178,sandwich,10,high,2,2,高质量,无吸引力,非常正面,5
178,sandwich,15,low,2,1,高质量,有吸引力,非常正面,6
178,donut,10,high,3,1,中质量,有吸引力,非常正面,7
178,donut,10,low,3,2,中质量,无吸引力,非常正面,8
179,wine,15,high,1,2,中质量,无吸引力,正面,1
179,wine,15,low,1,1,中质量,有吸引力,正面,2
179,cake,10,high,4,2,中质量,无区别,正面,3
179,cake,15,low,4,1,中质量,无区别,正面,4
179,sandwich,20,high,2,2,中质量,有吸引力,正面,5
179,sandwich,15,low,2,1,中质量,无吸引力,正面,6
179,donut,10,high,3,1,中质量,无区别,正面,7
179,donut,10,low,3,2,低质量,无区别,正面,8
180,wine,20,high,3,2,中质量,有吸引力,正面,1
180,wine,30,low,3,1,中质量,无吸引力,正面,2
180,cake,20,high,4,2,中质量,有吸引力,正面,3
180,cake,10,low,4,1,低质量,无吸引力,正面,4
180,sandwich,30,high,1,1,高质量,有吸引力,正面,5
180,sandwich,12,low,1,2,低质量,无吸引力,正面,6
180,donut,30,high,2,1,中质量,有吸引力,正面,7
180,donut,20,low,2,2,低质量,无吸引力,正面,8
181,wine,13,high,1,1,低质量,无吸引力,正面,1
181,wine,15,low,1,2,中质量,有吸引力,正面,2
181,cake,15,high,4,2,高质量,有吸引力,正面,3
181,cake,20,low,4,1,低质量,无吸引力,正面,4
181,sandwich,25,high,3,2,中质量,有吸引力,正面,5
181,sandwich,30,low,3,1,低质量,无吸引力,正面,6
181,donut,10,high,2,2,中质量,有吸引力,正面,7
181,donut,10,low,2,1,低质量,无吸引力,正面,8
182,wine,15,high,4,1,低质量,无区别,正面,1
182,wine,20,low,4,2,低质量,无区别,正面,2
182,cake,50,high,2,1,高质量,有吸引力,正面,3
182,cake,20,low,2,2,低质量,无吸引力,正面,4
182,sandwich,15,high,1,2,高质量,有吸引力,正面,5
182,sandwich,12,low,1,1,低质量,无吸引力,正面,6
182,donut,15,high,3,2,高质量,有吸引力,正面,7
182,donut,20,low,3,1,高质量,无吸引力,正面,8
183,wine,36,high,1,1,中质量,无区别,正面,1
183,wine,18,low,1,2,低质量,无区别,正面,2
183,cake,45,high,2,2,低质量,无吸引力,正面,3
183,cake,34,low,2,1,高质量,有吸引力,正面,4
183,sandwich,46,high,4,1,中质量,无吸引力,正面,5
183,sandwich,13,low,4,2,高质量,有吸引力,正面,6
183,donut,19,high,3,1,中质量,无吸引力,正面,7
183,donut,20,low,3,2,低质量,有吸引力,正面,8
184,wine,18,high,4,1,中质量,有吸引力,正面,1
184,wine,12,low,4,2,低质量,无吸引力,正面,2
184,cake,18,high,2,1,中质量,无吸引力,正面,3
184,cake,26,low,2,2,高质量,有吸引力,正面,4
184,sandwich,22,high,3,2,高质量,有吸引力,正面,5
184,sandwich,24,low,3,1,中质量,无吸引力,正面,6
184,donut,16,high,1,2,高质量,无吸引力,正面,7
184,donut,18,low,1,1,中质量,有吸引力,正面,8
185,wine,10,high,2,2,中质量,无吸引力,非常正面,1
185,wine,12,low,2,1,中质量,有吸引力,非常正面,2
185,cake,18,high,4,2,高质量,有吸引力,非常正面,3
185,cake,10,low,4,1,低质量,无吸引力,非常正面,4
185,sandwich,15,high,1,2,高质量,无吸引力,非常正面,5
185,sandwich,20,low,1,1,高质量,有吸引力,非常正面,6
185,donut,40,high,3,2,高质量,有吸引力,非常正面,7
185,donut,20,low,3,1,中质量,无吸引力,非常正面,8
186,wine,25,high,2,2,高质量,有吸引力,非常正面,1
186,wine,20,low,2,1,中质量,无吸引力,非常正面,2
186,cake,35,high,1,2,高质量,有吸引力,非常正面,3
186,cake,15,low,1,1,低质量,无吸引力,非常正面,4
186,sandwich,22,high,4,2,高质量,有吸引力,非常正面,5
186,sandwich,15,low,4,1,低质量,无吸引力,非常正面,6
186,donut,15,high,3,2,中质量,有吸引力,非常正面,7
186,donut,10,low,3,1,低质量,无吸引力,非常正面,8
187,wine,20,high,4,1,高质量,无吸引力,非常正面,1
187,wine,15,low,4,2,高质量,有吸引力,非常正面,2
187,cake,20,high,1,2,中质量,有吸引力,非常正面,3
187,cake,10,low,1,1,中质量,无吸引力,非常正面,4
187,sandwich,25,high,3,2,高质量,有吸引力,非常正面,5
187,sandwich,20,low,3,1,中质量,无吸引力,非常正面,6
187,donut,15,high,2,2,高质量,有吸引力,非常正面,7
187,donut,10,low,2,1,低质量,无吸引力,非常正面,8
188,wine,10,high,3,1,中质量,无吸引力,中立,1
188,wine,30,low,3,2,中质量,有吸引力,中立,2
188,cake,15,high,4,1,高质量,有吸引力,中立,3
188,cake,10,low,4,2,低质量,无吸引力,中立,4
188,sandwich,15,high,2,2,高质量,有吸引力,中立,5
188,sandwich,10,low,2,1,低质量,无吸引力,中立,6
188,donut,10,high,1,1,低质量,无区别,中立,7
188,donut,10,low,1,2,低质量,无区别,中立,8
189,wine,20,high,4,1,高质量,有吸引力,正面,1
189,wine,27,low,4,2,高质量,无吸引力,正面,2
189,cake,26,high,1,1,高质量,有吸引力,正面,3
189,cake,28,low,1,2,中质量,无吸引力,正面,4
189,sandwich,38,high,2,2,高质量,有吸引力,正面,5
189,sandwich,27,low,2,1,中质量,无吸引力,正面,6
189,donut,27,high,3,1,中质量,有吸引力,正面,7
189,donut,30,low,3,2,中质量,无吸引力,正面,8
190,wine,30,high,2,2,中质量,无吸引力,中立,1
190,wine,30,low,2,1,中质量,有吸引力,中立,2
190,cake,20,high,3,2,中质量,有吸引力,中立,3
190,cake,10,low,3,1,高质量,无吸引力,中立,4
190,sandwich,30,high,4,1,中质量,无区别,中立,5
190,sandwich,50,low,4,2,高质量,无区别,中立,6
190,donut,20,high,1,1,中质量,无区别,中立,7
190,donut,10,low,1,2,高质量,无区别,中立,8
191,wine,15,high,1,1,高质量,有吸引力,非常正面,1
191,wine,20,low,1,2,中质量,无吸引力,非常正面,2
191,cake,25,high,3,2,高质量,有吸引力,非常正面,3
191,cake,15,low,3,1,低质量,无吸引力,非常正面,4
191,sandwich,18,high,2,2,高质量,有吸引力,非常正面,5
191,sandwich,18,low,2,1,中质量,无吸引力,非常正面,6
191,donut,20,high,4,1,高质量,有吸引力,非常正面,7
191,donut,15,low,4,2,低质量,无吸引力,非常正面,8
192,wine,15,high,3,1,高质量,有吸引力,正面,1
192,wine,12,low,3,2,中质量,无吸引力,正面,2
192,cake,20,high,4,2,高质量,无吸引力,正面,3
192,cake,15,low,4,1,中质量,有吸引力,正面,4
192,sandwich,17,high,1,1,高质量,有吸引力,正面,5
192,sandwich,15,low,1,2,中质量,无吸引力,正面,6
192,donut,10,high,2,2,高质量,无吸引力,正面,7
192,donut,10,low,2,1,中质量,有吸引力,正面,8
193,wine,20,high,4,1,低质量,无吸引力,中立,1
193,wine,35,low,4,2,中质量,有吸引力,中立,2
193,cake,10,high,1,1,中质量,有吸引力,中立,3
193,cake,30,low,1,2,高质量,无吸引力,中立,4
193,sandwich,20,high,3,2,高质量,有吸引力,中立,5
193,sandwich,35,low,3,1,低质量,无吸引力,中立,6
193,donut,20,high,2,2,中质量,有吸引力,中立,7
193,donut,10,low,2,1,高质量,无吸引力,中立,8
194,wine,30,high,3,2,高质量,无吸引力,正面,1
194,wine,25,low,3,1,中质量,有吸引力,正面,2
194,cake,25,high,4,1,中质量,无吸引力,正面,3
194,cake,15,low,4,2,高质量,有吸引力,正面,4
194,sandwich,15,high,2,2,高质量,无区别,正面,5
194,sandwich,20,low,2,1,低质量,无区别,正面,6
194,donut,15,high,1,1,中质量,有吸引力,正面,7
194,donut,10,low,1,2,中质量,无吸引力,正面,8
195,wine,10,high,2,2,中质量,有吸引力,非常正面,1
195,wine,20,low,2,1,中质量,无吸引力,非常正面,2
195,cake,12,high,4,1,高质量,有吸引力,非常正面,3
195,cake,10,low,4,2,低质量,无吸引力,非常正面,4
195,sandwich,12,high,3,2,高质量,有吸引力,非常正面,5
195,sandwich,10,low,3,1,高质量,无吸引力,非常正面,6
195,donut,15,high,1,1,高质量,有吸引力,非常正面,7
195,donut,10,low,1,2,低质量,无吸引力,非常正面,8
196,wine,30,high,2,2,高质量,有吸引力,负面,1
196,wine,20,low,2,1,低质量,无吸引力,负面,2
196,cake,25,high,3,2,高质量,有吸引力,负面,3
196,cake,10,low,3,1,中质量,无吸引力,负面,4
196,sandwich,15,high,4,1,中质量,无吸引力,负面,5
196,sandwich,15,low,4,2,中质量,有吸引力,负面,6
196,donut,40,high,1,2,低质量,无区别,负面,7
196,donut,20,low,1,1,低质量,无区别,负面,8
197,wine,20,high,1,2,中质量,无吸引力,中立,1
197,wine,32,low,1,1,中质量,有吸引力,中立,2
197,cake,32,high,4,2,中质量,无吸引力,中立,3
197,cake,28,low,4,1,中质量,有吸引力,中立,4
197,sandwich,26,high,3,1,高质量,有吸引力,中立,5
197,sandwich,32,low,3,2,高质量,无吸引力,中立,6
197,donut,20,high,2,2,低质量,无吸引力,中立,7
197,donut,25,low,2,1,中质量,有吸引力,中立,8
198,wine,10,high,3,2,低质量,无吸引力,正面,1
198,wine,15,low,3,1,高质量,有吸引力,正面,2
198,cake,25,high,4,1,中质量,无吸引力,正面,3
198,cake,30,low,4,2,高质量,有吸引力,正面,4
198,sandwich,30,high,1,2,高质量,有吸引力,正面,5
198,sandwich,45,low,1,1,中质量,无吸引力,正面,6
198,donut,10,high,2,2,中质量,无区别,正面,7
198,donut,20,low,2,1,低质量,无区别,正面,8
199,wine,12,high,1,2,中质量,无吸引力,中立,1
199,wine,25,low,1,1,中质量,有吸引力,中立,2
199,cake,11,high,3,1,高质量,有吸引力,中立,3
199,cake,15,low,3,2,低质量,无吸引力,中立,4
199,sandwich,22,high,4,2,高质量,有吸引力,中立,5
199,sandwich,14,low,4,1,中质量,无吸引力,中立,6
199,donut,24,high,2,2,中质量,有吸引力,中立,7
199,donut,18,low,2,1,低质量,无吸引力,中立,8
200,wine,30,high,2,2,高质量,有吸引力,中立,1
200,wine,50,low,2,1,中质量,无吸引力,中立,2
200,cake,50,high,1,1,高质量,有吸引力,中立,3
200,cake,20,low,1,2,低质量,无吸引力,中立,4
200,sandwich,20,high,4,2,中质量,有吸引力,中立,5
200,sandwich,10,low,4,1,中质量,无吸引力,中立,6
200,donut,26,high,3,2,中质量,有吸引力,中立,7
200,donut,15,low,3,1,低质量,无吸引力,中立,8
201,wine,20,high,1,2,低质量,有吸引力,非常正面,1
201,wine,15,low,1,1,低质量,无吸引力,非常正面,2
201,cake,18,high,3,2,中质量,有吸引力,非常正面,3
201,cake,15,low,3,1,低质量,无吸引力,非常正面,4
201,sandwich,20,high,2,2,中质量,有吸引力,非常正面,5
201,sandwich,15,low,2,1,低质量,无吸引力,非常正面,6
201,donut,25,high,4,2,中质量,有吸引力,非常正面,7
201,donut,12,low,4,1,低质量,无吸引力,非常正面,8
202,wine,30,high,4,1,高质量,有吸引力,正面,1
202,wine,20,low,4,2,高质量,无吸引力,正面,2
202,cake,15,high,3,2,高质量,有吸引力,正面,3
202,cake,20,low,3,1,中质量,无吸引力,正面,4
202,sandwich,10,high,1,1,中质量,有吸引力,正面,5
202,sandwich,25,low,1,2,中质量,无吸引力,正面,6
202,donut,15,high,2,2,低质量,无区别,正面,7
202,donut,15,low,2,1,中质量,无区别,正面,8
203,wine,35,high,1,2,低质量,无吸引力,非常正面,1
203,wine,28,low,1,1,中质量,有吸引力,非常正面,2
203,cake,35,high,4,2,高质量,有吸引力,非常正面,3
203,cake,22,low,4,1,中质量,无吸引力,非常正面,4
203,sandwich,35,high,3,1,高质量,有吸引力,非常正面,5
203,sandwich,32,low,3,2,低质量,无吸引力,非常正面,6
203,donut,18,high,2,2,中质量,有吸引力,非常正面,7
203,donut,15,low,2,1,低质量,无吸引力,非常正面,8
204,wine,40,high,4,1,中质量,有吸引力,正面,1
204,wine,20,low,4,2,低质量,无吸引力,正面,2
204,cake,30,high,3,2,高质量,有吸引力,正面,3
204,cake,20,low,3,1,低质量,无吸引力,正面,4
204,sandwich,30,high,1,1,高质量,有吸引力,正面,5
204,sandwich,20,low,1,2,低质量,无吸引力,正面,6
204,donut,30,high,2,2,中质量,有吸引力,正面,7
204,donut,15,low,2,1,中质量,无吸引力,正面,8
205,wine,10,high,4,2,低质量,无区别,正面,1
205,wine,20,low,4,1,低质量,无区别,正面,2
205,cake,50,high,1,2,低质量,无吸引力,正面,3
205,cake,40,low,1,1,高质量,有吸引力,正面,4
205,sandwich,25,high,3,1,低质量,无吸引力,正面,5
205,sandwich,50,low,3,2,低质量,有吸引力,正面,6
205,donut,10,high,2,2,高质量,有吸引力,正面,7
205,donut,50,low,2,1,高质量,无吸引力,正面,8
206,wine,30,high,1,1,高质量,有吸引力,正面,1
206,wine,20,low,1,2,高质量,无吸引力,正面,2
206,cake,40,high,3,2,高质量,无吸引力,正面,3
206,cake,25,low,3,1,中质量,有吸引力,正面,4
206,sandwich,20,high,4,2,中质量,无吸引力,正面,5
206,sandwich,30,low,4,1,中质量,有吸引力,正面,6
206,donut,10,high,2,1,中质量,有吸引力,正面,7
206,donut,15,low,2,2,中质量,无吸引力,正面,8
207,wine,15,high,2,2,中质量,有吸引力,非常正面,1
207,wine,10,low,2,1,中质量,无吸引力,非常正面,2
207,cake,25,high,4,1,中质量,无吸引力,非常正面,3
207,cake,10,low,4,2,低质量,有吸引力,非常正面,4
207,sandwich,15,high,1,1,低质量,无区别,非常正面,5
207,sandwich,10,low,1,2,中质量,无区别,非常正面,6
207,donut,17,high,3,1,中质量,无区别,非常正面,7
207,donut,22,low,3,2,低质量,无区别,非常正面,8
208,wine,20,high,3,1,高质量,有吸引力,中立,1
208,wine,15,low,3,2,中质量,无吸引力,中立,2
208,cake,30,high,1,1,高质量,有吸引力,中立,3
208,cake,20,low,1,2,低质量,无吸引力,中立,4
208,sandwich,30,high,4,2,中质量,有吸引力,中立,5
208,sandwich,20,low,4,1,中质量,无吸引力,中立,6
208,donut,35,high,2,1,中质量,有吸引力,中立,7
208,donut,25,low,2,2,低质量,无吸引力,中立,8
209,wine,20,high,4,1,低质量,无吸引力,中立,1
209,wine,25,low,4,2,高质量,有吸引力,中立,2
209,cake,20,high,3,2,中质量,有吸引力,中立,3
209,cake,10,low,3,1,低质量,无吸引力,中立,4
209,sandwich,25,high,2,1,中质量,有吸引力,中立,5
209,sandwich,10,low,2,2,低质量,无吸引力,中立,6
209,donut,15,high,1,1,中质量,有吸引力,中立,7
209,donut,10,low,1,2,低质量,无吸引力,中立,8
210,wine,10,high,4,1,高质量,无吸引力,正面,1
210,wine,15,low,4,2,中质量,有吸引力,正面,2
210,cake,12,high,1,2,低质量,无吸引力,正面,3
210,cake,15,low,1,1,高质量,有吸引力,正面,4
210,sandwich,15,high,3,1,高质量,有吸引力,正面,5
210,sandwich,20,low,3,2,高质量,无吸引力,正面,6
210,donut,16,high,2,1,中质量,有吸引力,正面,7
210,donut,15,low,2,2,低质量,无吸引力,正面,8
211,wine,30,high,3,2,中质量,有吸引力,中立,1
211,wine,20,low,3,1,中质量,无吸引力,中立,2
211,cake,25,high,1,2,中质量,有吸引力,中立,3
211,cake,10,low,1,1,低质量,无吸引力,中立,4
211,sandwich,20,high,4,1,高质量,有吸引力,中立,5
211,sandwich,25,low,4,2,中质量,无吸引力,中立,6
211,donut,15,high,2,1,中质量,无区别,中立,7
211,donut,15,low,2,2,中质量,无区别,中立,8
212,wine,10,high,4,2,中质量,无吸引力,中立,1
212,wine,20,low,4,1,高质量,有吸引力,中立,2
212,cake,20,high,1,1,中质量,有吸引力,中立,3
212,cake,10,low,1,2,低质量,无吸引力,中立,4
212,sandwich,20,high,3,2,中质量,有吸引力,中立,5
212,sandwich,10,low,3,1,低质量,无吸引力,中立,6
212,donut,25,high,2,1,中质量,有吸引力,中立,7
212,donut,10,low,2,2,低质量,无吸引力,中立,8
213,wine,26,high,4,1,中质量,无吸引力,中立,1
213,wine,30,low,4,2,低质量,有吸引力,中立,2
213,cake,35,high,3,2,中质量,有吸引力,中立,3
213,cake,15,low,3,1,低质量,无吸引力,中立,4
213,sandwich,15,high,1,2,低质量,无吸引力,中立,5
213,sandwich,26,low,1,1,高质量,有吸引力,中立,6
213,donut,22,high,2,2,低质量,无区别,中立,7
213,donut,18,low,2,1,低质量,无区别,中立,8
214,wine,20,high,2,1,中质量,有吸引力,非常正面,1
214,wine,15,low,2,2,中质量,无吸引力,非常正面,2
214,cake,20,high,3,1,高质量,有吸引力,非常正面,3
214,cake,20,low,3,2,高质量,无吸引力,非常正面,4
214,sandwich,20,high,1,1,高质量,有吸引力,非常正面,5
214,sandwich,30,low,1,2,高质量,无吸引力,非常正面,6
214,donut,25,high,4,1,高质量,有吸引力,非常正面,7
214,donut,20,low,4,2,中质量,无吸引力,非常正面,8
215,wine,10,high,1,2,低质量,无区别,中立,1
215,wine,10,low,1,1,中质量,无区别,中立,2
215,cake,12,high,4,2,中质量,有吸引力,中立,3
215,cake,10,low,4,1,低质量,无吸引力,中立,4
215,sandwich,15,high,2,1,中质量,有吸引力,中立,5
215,sandwich,20,low,2,2,中质量,无吸引力,中立,6
215,donut,10,high,3,1,低质量,无区别,中立,7
215,donut,10,low,3,2,低质量,无区别,中立,8
216,wine,30,high,3,2,中质量,无吸引力,中立,1
216,wine,50,low,3,1,中质量,有吸引力,中立,2
216,cake,40,high,1,2,低质量,有吸引力,中立,3
216,cake,20,low,1,1,中质量,无吸引力,中立,4
216,sandwich,30,high,2,1,中质量,无吸引力,中立,5
216,sandwich,50,low,2,2,中质量,有吸引力,中立,6
216,donut,20,high,4,1,中质量,有吸引力,中立,7
216,donut,10,low,4,2,低质量,无吸引力,中立,8
217,wine,15,high,3,2,中质量,有吸引力,中立,1
217,wine,10,low,3,1,低质量,无吸引力,中立,2
217,cake,10,high,4,2,高质量,有吸引力,中立,3
217,cake,10,low,4,1,低质量,无吸引力,中立,4
217,sandwich,12,high,2,2,低质量,有吸引力,中立,5
217,sandwich,10,low,2,1,低质量,无吸引力,中立,6
217,donut,10,high,1,2,中质量,有吸引力,中立,7
217,donut,10,low,1,1,中质量,无吸引力,中立,8
218,wine,30,high,1,1,高质量,无区别,非常正面,1
218,wine,50,low,1,2,中质量,无区别,非常正面,2
218,cake,25,high,3,2,低质量,有吸引力,非常正面,3
218,cake,20,low,3,1,低质量,无吸引力,非常正面,4
218,sandwich,30,high,2,2,中质量,有吸引力,非常正面,5
218,sandwich,20,low,2,1,高质量,无吸引力,非常正面,6
218,donut,20,high,4,2,中质量,无吸引力,非常正面,7
218,donut,20,low,4,1,低质量,有吸引力,非常正面,8
219,wine,35,high,4,1,低质量,有吸引力,正面,1
219,wine,25,low,4,2,中质量,无吸引力,正面,2
219,cake,50,high,2,1,高质量,有吸引力,正面,3
219,cake,10,low,2,2,低质量,无吸引力,正面,4
219,sandwich,20,high,3,2,中质量,无吸引力,正面,5
219,sandwich,35,low,3,1,高质量,有吸引力,正面,6
219,donut,10,high,1,1,低质量,无区别,正面,7
219,donut,10,low,1,2,低质量,无区别,正面,8
220,wine,20,high,1,1,低质量,无区别,中立,1
220,wine,30,low,1,2,低质量,无区别,中立,2
220,cake,20,high,3,2,中质量,无吸引力,中立,3
220,cake,20,low,3,1,高质量,有吸引力,中立,4
220,sandwich,20,high,2,1,高质量,有吸引力,中立,5
220,sandwich,10,low,2,2,低质量,无吸引力,中立,6
220,donut,10,high,4,2,低质量,有吸引力,中立,7
220,donut,10,low,4,1,中质量,无吸引力,中立,8
221,wine,16,high,2,2,低质量,无区别,正面,1
221,wine,12,low,2,1,低质量,无区别,正面,2
221,cake,18,high,3,2,中质量,有吸引力,正面,3
221,cake,10,low,3,1,中质量,无吸引力,正面,4
221,sandwich,14,high,4,1,高质量,有吸引力,正面,5
221,sandwich,10,low,4,2,高质量,无吸引力,正面,6
221,donut,10,high,1,2,中质量,无区别,正面,7
221,donut,10,low,1,1,低质量,无区别,正面,8
222,wine,30,high,3,2,中质量,有吸引力,中立,1
222,wine,25,low,3,1,中质量,无吸引力,中立,2
222,cake,40,high,2,1,高质量,有吸引力,中立,3
222,cake,10,low,2,2,低质量,无吸引力,中立,4
222,sandwich,20,high,4,2,高质量,无吸引力,中立,5
222,sandwich,35,low,4,1,高质量,有吸引力,中立,6
222,donut,20,high,1,2,中质量,有吸引力,中立,7
222,donut,10,low,1,1,低质量,无吸引力,中立,8
223,wine,10,high,1,2,中质量,无吸引力,中立,1
223,wine,15,low,1,1,中质量,有吸引力,中立,2
223,cake,12,high,3,2,中质量,有吸引力,中立,3
223,cake,10,low,3,1,低质量,无吸引力,中立,4
223,sandwich,15,high,2,2,中质量,有吸引力,中立,5
223,sandwich,10,low,2,1,低质量,无吸引力,中立,6
223,donut,15,high,4,2,低质量,无区别,中立,7
223,donut,10,low,4,1,低质量,无区别,中立,8
224,wine,10,high,2,1,中质量,无吸引力,中立,1
224,wine,20,low,2,2,中质量,有吸引力,中立,2
224,cake,15,high,3,2,低质量,无区别,中立,3
224,cake,10,low,3,1,中质量,无区别,中立,4
224,sandwich,10,high,4,2,低质量,无吸引力,中立,5
224,sandwich,15,low,4,1,中质量,有吸引力,中立,6
224,donut,10,high,1,2,低质量,无区别,中立,7
224,donut,10,low,1,1,低质量,无区别,中立,8
225,wine,10,high,3,2,低质量,无区别,中立,1
225,wine,10,low,3,1,低质量,无区别,中立,2
225,cake,10,high,2,2,高质量,有吸引力,中立,3
225,cake,10,low,2,1,低质量,无吸引力,中立,4
225,sandwich,12,high,4,2,高质量,有吸引力,中立,5
225,sandwich,10,low,4,1,低质量,无吸引力,中立,6
225,donut,10,high,1,2,低质量,无区别,中立,7
225,donut,10,low,1,1,高质量,无区别,中立,8
226,wine,20,high,4,1,中质量,无吸引力,中立,1
226,wine,40,low,4,2,中质量,有吸引力,中立,2
226,cake,40,high,1,1,中质量,有吸引力,中立,3
226,cake,25,low,1,2,低质量,无吸引力,中立,4
226,sandwich,10,high,3,1,中质量,有吸引力,中立,5
226,sandwich,10,low,3,2,中质量,无吸引力,中立,6
226,donut,30,high,2,1,低质量,无吸引力,中立,7
226,donut,20,low,2,2,低质量,有吸引力,中立,8
227,wine,25,high,4,2,中质量,有吸引力,正面,1
227,wine,21,low,4,1,中质量,无吸引力,正面,2
227,cake,44,high,1,2,中质量,有吸引力,正面,3
227,cake,19,low,1,1,中质量,无吸引力,正面,4
227,sandwich,35,high,3,1,中质量,有吸引力,正面,5
227,sandwich,14,low,3,2,中质量,无吸引力,正面,6
227,donut,41,high,2,1,中质量,有吸引力,正面,7
227,donut,13,low,2,2,中质量,无吸引力,正面,8
228,wine,36,high,1,2,低质量,无区别,正面,1
228,wine,24,low,1,1,低质量,无区别,正面,2
228,cake,48,high,4,1,低质量,无吸引力,正面,3
228,cake,16,low,4,2,低质量,有吸引力,正面,4
228,sandwich,48,high,2,1,低质量,无吸引力,正面,5
228,sandwich,22,low,2,2,低质量,有吸引力,正面,6
228,donut,40,high,3,2,中质量,有吸引力,正面,7
228,donut,18,low,3,1,中质量,无吸引力,正面,8
229,wine,39,high,4,2,中质量,有吸引力,正面,1
229,wine,20,low,4,1,中质量,无吸引力,正面,2
229,cake,48,high,2,2,低质量,无吸引力,正面,3
229,cake,11,low,2,1,低质量,有吸引力,正面,4
229,sandwich,39,high,3,2,中质量,无吸引力,正面,5
229,sandwich,30,low,3,1,中质量,有吸引力,正面,6
229,donut,43,high,1,2,中质量,有吸引力,正面,7
229,donut,16,low,1,1,中质量,无吸引力,正面,8
230,wine,18,high,3,1,中质量,有吸引力,非常正面,1
230,wine,18,low,3,2,中质量,无吸引力,非常正面,2
230,cake,40,high,2,1,中质量,无吸引力,非常正面,3
230,cake,15,low,2,2,中质量,有吸引力,非常正面,4
230,sandwich,24,high,4,2,中质量,无区别,非常正面,5
230,sandwich,24,low,4,1,中质量,无区别,非常正面,6
230,donut,41,high,1,1,中质量,无区别,非常正面,7
230,donut,20,low,1,2,中质量,无区别,非常正面,8
231,wine,43,high,4,1,低质量,有吸引力,中立,1
231,wine,17,low,4,2,低质量,无吸引力,中立,2
231,cake,25,high,3,2,低质量,有吸引力,中立,3
231,cake,19,low,3,1,低质量,无吸引力,中立,4
231,sandwich,47,high,1,1,低质量,有吸引力,中立,5
231,sandwich,19,low,1,2,低质量,无吸引力,中立,6
231,donut,42,high,2,2,低质量,有吸引力,中立,7
231,donut,13,low,2,1,低质量,无吸引力,中立,8
232,wine,41,high,3,2,中质量,无区别,中立,1
232,wine,21,low,3,1,中质量,无区别,中立,2
232,cake,41,high,1,2,低质量,有吸引力,中立,3
232,cake,10,low,1,1,低质量,无吸引力,中立,4
232,sandwich,36,high,4,2,中质量,有吸引力,中立,5
232,sandwich,24,low,4,1,中质量,无吸引力,中立,6
232,donut,43,high,2,1,中质量,有吸引力,中立,7
232,donut,36,low,2,2,中质量,无吸引力,中立,8
233,wine,42,high,1,2,中质量,无区别,正面,1
233,wine,24,low,1,1,中质量,无区别,正面,2
233,cake,45,high,3,1,中质量,无吸引力,正面,3
233,cake,19,low,3,2,中质量,有吸引力,正面,4
233,sandwich,42,high,4,1,中质量,有吸引力,正面,5
233,sandwich,15,low,4,2,中质量,无吸引力,正面,6
233,donut,40,high,2,1,中质量,无区别,正面,7
233,donut,19,low,2,2,中质量,无区别,正面,8
234,wine,36,high,4,1,低质量,无吸引力,正面,1
234,wine,24,low,4,2,低质量,有吸引力,正面,2
234,cake,27,high,2,2,低质量,无区别,正面,3
234,cake,18,low,2,1,低质量,无区别,正面,4
234,sandwich,37,high,3,2,低质量,有吸引力,正面,5
234,sandwich,19,low,3,1,低质量,无吸引力,正面,6
234,donut,41,high,1,1,低质量,有吸引力,正面,7
234,donut,14,low,1,2,低质量,无吸引力,正面,8
235,wine,44,high,2,2,中质量,有吸引力,中立,1
235,wine,12,low,2,1,中质量,无吸引力,中立,2
235,cake,48,high,3,1,低质量,有吸引力,中立,3
235,cake,12,low,3,2,低质量,无吸引力,中立,4
235,sandwich,49,high,4,2,中质量,无区别,中立,5
235,sandwich,20,low,4,1,中质量,无区别,中立,6
235,donut,42,high,1,1,中质量,无区别,中立,7
235,donut,19,low,1,2,中质量,无区别,中立,8
236,wine,36,high,4,1,中质量,无区别,中立,1
236,wine,12,low,4,2,中质量,无区别,中立,2
236,cake,40,high,1,2,中质量,有吸引力,中立,3
236,cake,16,low,1,1,中质量,无吸引力,中立,4
236,sandwich,40,high,3,2,中质量,有吸引力,中立,5
236,sandwich,15,low,3,1,中质量,无吸引力,中立,6
236,donut,40,high,2,2,中质量,有吸引力,中立,7
236,donut,13,low,2,1,中质量,无吸引力,中立,8
237,wine,38,high,1,1,低质量,无吸引力,中立,1
237,wine,20,low,1,2,低质量,有吸引力,中立,2
237,cake,43,high,3,2,低质量,有吸引力,中立,3
237,cake,13,low,3,1,低质量,无吸引力,中立,4
237,sandwich,35,high,4,2,低质量,无吸引力,中立,5
237,sandwich,13,low,4,1,低质量,有吸引力,中立,6
237,donut,46,high,2,2,中质量,无区别,中立,7
237,donut,17,low,2,1,中质量,无区别,中立,8
238,wine,42,high,2,1,中质量,有吸引力,中立,1
238,wine,18,low,2,2,中质量,无吸引力,中立,2
238,cake,45,high,4,2,低质量,有吸引力,中立,3
238,cake,18,low,4,1,低质量,无吸引力,中立,4
238,sandwich,48,high,3,2,中质量,无吸引力,中立,5
238,sandwich,23,low,3,1,中质量,有吸引力,中立,6
238,donut,40,high,1,1,中质量,有吸引力,中立,7
238,donut,18,low,1,2,中质量,无吸引力,中立,8
239,wine,48,high,3,2,中质量,无区别,正面,1
239,wine,25,low,3,1,中质量,无区别,正面,2
239,cake,34,high,4,1,中质量,无吸引力,正面,3
239,cake,10,low,4,2,中质量,有吸引力,正面,4
239,sandwich,30,high,2,2,中质量,有吸引力,正面,5
239,sandwich,24,low,2,1,中质量,无吸引力,正面,6
239,donut,41,high,1,1,中质量,无区别,正面,7
239,donut,22,low,1,2,中质量,无区别,正面,8
240,wine,47,high,2,1,低质量,无区别,正面,1
240,wine,14,low,2,2,低质量,无区别,正面,2
240,cake,46,high,4,1,低质量,无吸引力,正面,3
240,cake,14,low,4,2,低质量,有吸引力,正面,4
240,sandwich,46,high,3,2,低质量,无区别,正面,5
240,sandwich,19,low,3,1,低质量,无区别,正面,6
240,donut,46,high,1,2,中质量,无区别,正面,7
240,donut,18,low,1,1,中质量,无区别,正面,8
241,wine,19,high,3,2,中质量,无区别,正面,1
241,wine,20,low,3,1,中质量,无区别,正面,2
241,cake,47,high,1,1,低质量,有吸引力,正面,3
241,cake,35,low,1,2,低质量,无吸引力,正面,4
241,sandwich,41,high,2,2,中质量,有吸引力,正面,5
241,sandwich,19,low,2,1,中质量,无吸引力,正面,6
241,donut,42,high,4,2,中质量,有吸引力,正面,7
241,donut,17,low,4,1,中质量,无吸引力,正面,8
242,wine,42,high,3,1,中质量,有吸引力,非常正面,1
242,wine,21,low,3,2,中质量,无吸引力,非常正面,2
242,cake,42,high,4,1,中质量,有吸引力,非常正面,3
242,cake,16,low,4,2,中质量,无吸引力,非常正面,4
242,sandwich,46,high,2,1,中质量,有吸引力,非常正面,5
242,sandwich,15,low,2,2,中质量,无吸引力,非常正面,6
242,donut,40,high,1,2,中质量,有吸引力,非常正面,7
242,donut,35,low,1,1,中质量,无吸引力,非常正面,8
243,wine,43,high,3,2,低质量,无区别,中立,1
243,wine,21,low,3,1,低质量,无区别,中立,2
243,cake,49,high,1,2,低质量,有吸引力,中立,3
243,cake,13,low,1,1,低质量,无吸引力,中立,4
243,sandwich,40,high,2,2,低质量,有吸引力,中立,5
243,sandwich,14,low,2,1,低质量,无吸引力,中立,6
243,donut,35,high,4,1,中质量,无区别,中立,7
243,donut,18,low,4,2,中质量,无区别,中立,8
244,wine,38,high,2,2,中质量,有吸引力,非常正面,1
244,wine,20,low,2,1,中质量,无吸引力,非常正面,2
244,cake,35,high,4,2,低质量,有吸引力,非常正面,3
244,cake,20,low,4,1,低质量,无吸引力,非常正面,4
244,sandwich,40,high,3,1,中质量,无吸引力,非常正面,5
244,sandwich,18,low,3,2,中质量,有吸引力,非常正面,6
244,donut,43,high,1,1,中质量,无区别,非常正面,7
244,donut,10,low,1,2,中质量,无区别,非常正面,8
245,wine,48,high,1,2,低质量,有吸引力,中立,1
245,wine,18,low,1,1,低质量,无吸引力,中立,2
245,cake,44,high,3,1,低质量,有吸引力,中立,3
245,cake,18,low,3,2,低质量,无吸引力,中立,4
245,sandwich,44,high,2,2,低质量,无吸引力,中立,5
245,sandwich,12,low,2,1,低质量,有吸引力,中立,6
245,donut,42,high,4,2,中质量,无区别,中立,7
245,donut,19,low,4,1,中质量,无区别,中立,8
246,wine,43,high,3,1,中质量,无区别,中立,1
246,wine,10,low,3,2,中质量,无区别,中立,2
246,cake,44,high,4,1,低质量,无区别,中立,3
246,cake,19,low,4,2,低质量,无区别,中立,4
246,sandwich,36,high,2,2,中质量,有吸引力,中立,5
246,sandwich,19,low,2,1,中质量,无吸引力,中立,6
246,donut,49,high,1,1,低质量,无吸引力,中立,7
246,donut,20,low,1,2,低质量,有吸引力,中立,8
247,wine,30,high,2,1,中质量,无区别,中立,1
247,wine,23,low,2,2,中质量,无区别,中立,2
247,cake,44,high,3,2,低质量,无区别,中立,3
247,cake,18,low,3,1,低质量,无区别,中立,4
247,sandwich,44,high,1,2,中质量,无吸引力,中立,5
247,sandwich,13,low,1,1,中质量,有吸引力,中立,6
247,donut,43,high,4,2,低质量,无区别,中立,7
247,donut,15,low,4,1,低质量,无区别,中立,8
248,wine,40,high,1,2,低质量,有吸引力,中立,1
248,wine,16,low,1,1,低质量,无吸引力,中立,2
248,cake,42,high,3,2,低质量,有吸引力,中立,3
248,cake,11,low,3,1,低质量,无吸引力,中立,4
248,sandwich,21,high,4,2,低质量,有吸引力,中立,5
248,sandwich,18,low,4,1,低质量,无吸引力,中立,6
248,donut,41,high,2,1,中质量,无区别,中立,7
248,donut,13,low,2,2,中质量,无区别,中立,8
249,wine,36,high,3,1,中质量,无区别,中立,1
249,wine,19,low,3,2,中质量,无区别,中立,2
249,cake,44,high,4,1,中质量,有吸引力,中立,3
249,cake,13,low,4,2,中质量,无吸引力,中立,4
249,sandwich,36,high,2,1,中质量,有吸引力,中立,5
249,sandwich,22,low,2,2,中质量,无吸引力,中立,6
249,donut,42,high,1,1,中质量,无区别,中立,7
249,donut,12,low,1,2,中质量,无区别,中立,8
250,wine,40,high,2,2,中质量,无区别,中立,1
250,wine,15,low,2,1,中质量,无区别,中立,2
250,cake,43,high,1,2,低质量,无区别,中立,3
250,cake,16,low,1,1,低质量,无区别,中立,4
250,sandwich,44,high,4,1,中质量,无区别,中立,5
250,sandwich,20,low,4,2,中质量,无区别,中立,6
250,donut,44,high,3,1,低质量,无吸引力,中立,7
250,donut,16,low,3,2,低质量,有吸引力,中立,8
251,wine,43,high,1,1,中质量,无吸引力,正面,1
251,wine,19,low,1,2,中质量,有吸引力,正面,2
251,cake,46,high,3,1,中质量,有吸引力,正面,3
251,cake,20,low,3,2,中质量,无吸引力,正面,4
251,sandwich,35,high,2,2,中质量,无吸引力,正面,5
251,sandwich,24,low,2,1,中质量,有吸引力,正面,6
251,donut,46,high,4,1,中质量,有吸引力,正面,7
251,donut,16,low,4,2,中质量,无吸引力,正面,8
252,wine,41,high,1,1,低质量,有吸引力,正面,1
252,wine,19,low,1,2,低质量,无吸引力,正面,2
252,cake,48,high,4,2,低质量,有吸引力,正面,3
252,cake,15,low,4,1,低质量,无吸引力,正面,4
252,sandwich,38,high,3,1,低质量,有吸引力,正面,5
252,sandwich,22,low,3,2,低质量,无吸引力,正面,6
252,donut,45,high,2,1,中质量,有吸引力,正面,7
252,donut,10,low,2,2,中质量,无吸引力,正面,8
253,wine,41,high,2,1,中质量,无区别,中立,1
253,wine,20,low,2,2,中质量,无区别,中立,2
253,cake,47,high,3,2,低质量,有吸引力,中立,3
253,cake,18,low,3,1,低质量,无吸引力,中立,4
253,sandwich,35,high,4,2,中质量,有吸引力,中立,5
253,sandwich,15,low,4,1,中质量,无吸引力,中立,6
253,donut,49,high,1,1,低质量,无吸引力,中立,7
253,donut,18,low,1,2,低质量,有吸引力,中立,8
254,wine,49,high,4,1,中质量,有吸引力,中立,1
254,wine,20,low,4,2,中质量,无吸引力,中立,2
254,cake,49,high,1,1,中质量,有吸引力,中立,3
254,cake,15,low,1,2,中质量,无吸引力,中立,4
254,sandwich,46,high,3,2,中质量,无区别,中立,5
254,sandwich,11,low,3,1,中质量,无区别,中立,6
254,donut,45,high,2,2,中质量,无区别,中立,7
254,donut,16,low,2,1,中质量,无区别,中立,8
255,wine,35,high,2,2,低质量,有吸引力,中立,1
255,wine,18,low,2,1,低质量,无吸引力,中立,2
255,cake,49,high,1,2,低质量,有吸引力,中立,3
255,cake,19,low,1,1,低质量,无吸引力,中立,4
255,sandwich,39,high,4,1,低质量,无吸引力,中立,5
255,sandwich,17,low,4,2,低质量,有吸引力,中立,6
255,donut,42,high,3,1,中质量,无区别,中立,7
255,donut,20,low,3,2,中质量,无区别,中立,8
256,wine,15,high,1,1,中质量,无区别,中立,1
256,wine,17,low,1,2,中质量,无区别,中立,2
256,cake,46,high,4,1,低质量,无区别,中立,3
256,cake,18,low,4,2,低质量,无区别,中立,4
256,sandwich,35,high,3,1,中质量,有吸引力,中立,5
256,sandwich,18,low,3,2,中质量,无吸引力,中立,6
256,donut,42,high,2,1,低质量,无区别,中立,7
256,donut,11,low,2,2,低质量,无区别,中立,8
257,wine,41,high,2,2,中质量,无区别,正面,1
257,wine,17,low,2,1,中质量,无区别,正面,2
257,cake,31,high,3,2,中质量,无吸引力,正面,3
257,cake,14,low,3,1,中质量,有吸引力,正面,4
257,sandwich,15,high,1,1,中质量,有吸引力,正面,5
257,sandwich,12,low,1,2,中质量,无吸引力,正面,6
257,donut,44,high,4,1,中质量,有吸引力,正面,7
257,donut,16,low,4,2,中质量,无吸引力,正面,8
258,wine,37,high,4,2,低质量,无区别,正面,1
258,wine,14,low,4,1,低质量,无区别,正面,2
258,cake,44,high,1,2,低质量,有吸引力,正面,3
258,cake,13,low,1,1,低质量,无吸引力,正面,4
258,sandwich,35,high,2,2,低质量,有吸引力,正面,5
258,sandwich,23,low,2,1,低质量,无吸引力,正面,6
258,donut,42,high,3,1,中质量,无区别,正面,7
258,donut,20,low,3,2,中质量,无区别,正面,8
259,wine,45,high,1,2,中质量,有吸引力,正面,1
259,wine,24,low,1,1,中质量,无吸引力,正面,2
259,cake,41,high,2,2,低质量,有吸引力,正面,3
259,cake,13,low,2,1,低质量,无吸引力,正面,4
259,sandwich,38,high,4,1,中质量,无吸引力,正面,5
259,sandwich,20,low,4,2,中质量,有吸引力,正面,6
259,donut,46,high,3,2,低质量,有吸引力,正面,7
259,donut,19,low,3,1,低质量,无吸引力,正面,8
260,wine,47,high,4,1,中质量,无区别,非常正面,1
260,wine,25,low,4,2,中质量,无区别,非常正面,2
260,cake,47,high,2,2,中质量,有吸引力,非常正面,3
260,cake,20,low,2,1,中质量,无吸引力,非常正面,4
260,sandwich,41,high,3,1,中质量,无区别,非常正面,5
260,sandwich,25,low,3,2,中质量,无区别,非常正面,6
260,donut,47,high,1,2,中质量,无区别,非常正面,7
260,donut,13,low,1,1,中质量,无区别,非常正面,8
261,wine,47,high,2,2,低质量,无吸引力,中立,1
261,wine,21,low,2,1,低质量,有吸引力,中立,2
261,cake,44,high,3,2,低质量,有吸引力,中立,3
261,cake,17,low,3,1,低质量,无吸引力,中立,4
261,sandwich,39,high,1,2,低质量,有吸引力,中立,5
261,sandwich,20,low,1,1,低质量,无吸引力,中立,6
261,donut,33,high,4,2,中质量,无区别,中立,7
261,donut,24,low,4,1,中质量,无区别,中立,8
262,wine,35,high,4,1,中质量,无吸引力,中立,1
262,wine,13,low,4,2,中质量,有吸引力,中立,2
262,cake,43,high,1,1,低质量,无区别,中立,3
262,cake,33,low,1,2,低质量,无区别,中立,4
262,sandwich,43,high,2,1,中质量,无吸引力,中立,5
262,sandwich,13,low,2,2,中质量,有吸引力,中立,6
262,donut,43,high,3,2,低质量,无区别,中立,7
262,donut,15,low,3,1,低质量,无区别,中立,8
263,wine,40,high,3,2,中质量,无区别,正面,1
263,wine,24,low,3,1,中质量,无区别,正面,2
263,cake,48,high,4,2,中质量,有吸引力,正面,3
263,cake,16,low,4,1,中质量,无吸引力,正面,4
263,sandwich,47,high,2,2,中质量,无吸引力,正面,5
263,sandwich,17,low,2,1,中质量,有吸引力,正面,6
263,donut,46,high,1,1,中质量,有吸引力,正面,7
263,donut,25,low,1,2,中质量,无吸引力,正面,8
264,wine,41,high,2,2,低质量,无区别,正面,1
264,wine,17,low,2,1,低质量,无区别,正面,2
264,cake,42,high,3,2,低质量,有吸引力,正面,3
264,cake,17,low,3,1,低质量,无吸引力,正面,4
264,sandwich,25,high,4,1,低质量,有吸引力,正面,5
264,sandwich,18,low,4,2,低质量,无吸引力,正面,6
264,donut,43,high,1,1,中质量,无区别,正面,7
264,donut,14,low,1,2,中质量,无区别,正面,8
265,wine,15,high,3,1,中质量,有吸引力,中立,1
265,wine,11,low,3,2,中质量,无吸引力,中立,2
265,cake,42,high,1,1,低质量,无区别,中立,3
265,cake,20,low,1,2,低质量,无区别,中立,4
265,sandwich,29,high,2,1,中质量,有吸引力,中立,5
265,sandwich,23,low,2,2,中质量,无吸引力,中立,6
265,donut,45,high,4,1,低质量,无区别,中立,7
265,donut,20,low,4,2,低质量,无区别,中立,8
266,wine,44,high,4,1,中质量,无区别,中立,1
266,wine,17,low,4,2,中质量,无区别,中立,2
266,cake,40,high,3,1,中质量,有吸引力,中立,3
266,cake,11,low,3,2,中质量,无吸引力,中立,4
266,sandwich,37,high,2,2,中质量,有吸引力,中立,5
266,sandwich,16,low,2,1,中质量,无吸引力,中立,6
266,donut,47,high,1,1,中质量,无吸引力,中立,7
266,donut,19,low,1,2,中质量,有吸引力,中立,8
267,wine,41,high,3,2,低质量,有吸引力,中立,1
267,wine,22,low,3,1,低质量,无吸引力,中立,2
267,cake,41,high,4,2,低质量,有吸引力,中立,3
267,cake,12,low,4,1,低质量,无吸引力,中立,4
267,sandwich,41,high,2,2,低质量,无吸引力,中立,5
267,sandwich,19,low,2,1,低质量,有吸引力,中立,6
267,donut,42,high,1,1,中质量,无区别,中立,7
267,donut,15,low,1,2,中质量,无区别,中立,8
