Num,Subject IDs,Time,Duration,Source,Source Details,IP,NodeId,Node,Info_Q1,Info_Q2,Info_Q3,Info_Q4,Info_Q5,Info_Q6,Info_Q7,NodeId,Node,Que_Q2,Que_Q3,Que_Q4,Que_Q5,Que_Q6,Que_Q7,Que_Q8,Que_Q9,Que_Q10,Que_Q11,Que_Q12,Que_Q13,Que_Q14,NodeId,Node,Que_Q2,Que_Q3,Que_Q4,Que_Q5,Que_Q6,Que_Q7,Que_Q8,Que_Q9,Que_Q10,Que_Q11,Que_Q12,Que_Q13,Que_Q14,Que_Q15,Que_Q16,Que_Q17,NodeId,Node,Que_Q2_1,Que_Q3_1,Que_Q4_1,Que_Q5_1,NodeId,Node,Que_Q2_item1,Que_Q2_item2,Que_Q3_item1,Que_Q3_item2,Que_Q4_item1,Que_Q4_item2,Que_Q5_item1,Que_Q5_item2
序号,被试者记录ID,提交答卷时间,所用时间,来源,来源详情,IP,节点id,节点名称,1、您的年龄是多少？,2、您的性别是？,3、您完成的最高学历是什么？,4、您目前的职业是什么？,5、您的家庭年收入是多少？,6、您的婚姻状况是？,7、您有几个孩子？,节点id,节点名称,2、请问您在参与本次实验过程中的情绪如何？&nbsp;,3、请问您觉得此图片的拍摄质量如何？,4、请问您觉得此图片的拍摄质量如何？,5、请问您觉得此图片的拍摄质量如何？,6、请问您觉得此图片的拍摄质量如何？,7、请问您觉得此图片的拍摄质量如何？,8、请问您觉得此图片的拍摄质量如何？,9、请问您觉得此图片的拍摄质量如何？,10、请问您觉得此图片的拍摄质量如何？,吸引力1,吸引力2,吸引力3,吸引力4,节点id,节点名称,2、,3、,4、,5、,6、,7、,8、,9、,10、,11、,12、,13、,14、,15、,16、,17、,节点id,节点名称,2、对于一块蛋糕，您愿意支付的最高金额是多少？请选择在10-50元之间。:价格,3、对于一个甜甜圈，您愿意支付的最高金额是多少？请选择在10-50元之间。:价格,4、对于一个三明治，您愿意支付的最高金额是多少？请选择在10-50元之间。:价格,5、对于一杯啤酒，您愿意支付的最高金额是多少？请选择在10-50元之间。:价格,节点id,节点名称,1、图片1(数值需在10-50之间),2、图片2(数值需在10-50之间),1、图片1(数值需在10-50之间),2、图片2(数值需在10-50之间),1、图片1(数值需在10-50之间),2、图片2(数值需在10-50之间),1、图片1(数值需在10-50之间),2、图片2(数值需在10-50之间)
1,***,***,***,***,***,***,"	865248532553146371",个人信息,25-34岁,男,学士学位,全职工作,少于￥50000,已婚,1个,"	865248533438144513",其他测试,中立,高质量,中质量,中质量,高质量,高质量,低质量,高质量,中质量,图片2,图片2,图片2,图片1,"	865248534461554690",记忆测试,见过,未见过,未见过,未见过,未见过,未见过,未见过,未见过,见过,见过,见过,见过,见过,未见过,见过,见过,"	865248535963115521",支付意愿评估,10,10,10,10,"	865248536340602882",图片展示和支付意愿,20,10,20,5,30,15,20,20
2,***,***,***,***,***,***,"	865248532553146371",个人信息,-999,-999,-999,-999,-999,-999,-999,"	865248533438144513",其他测试,-999,-999,-999,-999,-999,-999,-999,-999,-999,-999,-999,-999,-999,"	865248534461554690",记忆测试,-999,-999,-999,-999,-999,-999,-999,-999,-999,-999,-999,-999,-999,-999,-999,-999,"	865248535963115521",支付意愿评估,16,10,10,10,"	865248536340602882",图片展示和支付意愿,-999,-999,-999,-999,-999,-999,-999,-999
3,***,***,***,***,***,***,"	865248532553146371",个人信息,25-34岁,女,学士学位,全职工作,￥200000到￥500000,丧偶,无,"	865248533438144513",其他测试,中立,中质量,中质量,中质量,中质量,高质量,中质量,中质量,高质量,无区别,图片2,无区别,图片2,"	865248534461554690",记忆测试,见过,未见过,见过,未见过,见过,未见过,见过,未见过,未见过,见过,见过,见过,见过,未见过,见过,未见过,"	865248535963115521",支付意愿评估,23,24,21,24,"	865248536340602882",图片展示和支付意愿,25,35,25,25,15,12,15,10
4,***,***,***,***,***,***,"	865248532553146371",个人信息,-999,-999,-999,-999,-999,-999,-999,"	865248533438144513",其他测试,-999,-999,-999,-999,-999,-999,-999,-999,-999,-999,-999,-999,-999,"	865248534461554690",记忆测试,-999,-999,-999,-999,-999,-999,-999,-999,-999,-999,-999,-999,-999,-999,-999,-999,"	865248535963115521",支付意愿评估,36,44,50,50,"	865248536340602882",图片展示和支付意愿,-999,-999,-999,-999,-999,-999,-999,-999
5,***,***,***,***,***,***,"	865248532553146371",个人信息,-999,-999,-999,-999,-999,-999,-999,"	865248533438144513",其他测试,-999,-999,-999,-999,-999,-999,-999,-999,-999,-999,-999,-999,-999,"	865248534461554690",记忆测试,-999,-999,-999,-999,-999,-999,-999,-999,-999,-999,-999,-999,-999,-999,-999,-999,"	865248535963115521",支付意愿评估,25,19,18,16,"	865248536340602882",图片展示和支付意愿,-999,-999,-999,-999,-999,-999,-999,-999
6,***,***,***,***,***,***,"	865248532553146371",个人信息,25-34岁,女,学士学位,全职工作,少于￥50000,已婚,无,"	865248533438144513",其他测试,中立,低质量,低质量,低质量,低质量,中质量,中质量,低质量,中质量,图片2,图片2,图片2,图片2,"	865248534461554690",记忆测试,见过,未见过,未见过,未见过,未见过,见过,未见过,未见过,见过,见过,见过,见过,见过,未见过,见过,见过,"	865248535963115521",支付意愿评估,24,20,16,16,"	865248536340602882",图片展示和支付意愿,15,18,25,18,20,15,16,12
7,***,***,***,***,***,***,"	865248532553146371",个人信息,18-24岁,女,学士学位,全职工作,￥100000到￥200000,单身从未结婚,无,"	865248533438144513",其他测试,中立,中质量,低质量,中质量,低质量,高质量,高质量,中质量,中质量,图片1,图片2,图片2,无区别,"	865248534461554690",记忆测试,见过,未见过,未见过,见过,未见过,未见过,未见过,未见过,见过,见过,见过,见过,见过,未见过,见过,见过,"	865248535963115521",支付意愿评估,30,20,25,18,"	865248536340602882",图片展示和支付意愿,35,32,28,15,23,20,15,15
8,***,***,***,***,***,***,"	865248532553146371",个人信息,-999,-999,-999,-999,-999,-999,-999,"	865248533438144513",其他测试,-999,-999,-999,-999,-999,-999,-999,-999,-999,-999,-999,-999,-999,"	865248534461554690",记忆测试,-999,-999,-999,-999,-999,-999,-999,-999,-999,-999,-999,-999,-999,-999,-999,-999,"	865248535963115521",支付意愿评估,-999,-999,-999,-999,"	865248536340602882",图片展示和支付意愿,-999,-999,-999,-999,-999,-999,-999,-999
9,***,***,***,***,***,***,"	865248532553146371",个人信息,-999,-999,-999,-999,-999,-999,-999,"	865248533438144513",其他测试,-999,-999,-999,-999,-999,-999,-999,-999,-999,-999,-999,-999,-999,"	865248534461554690",记忆测试,-999,-999,-999,-999,-999,-999,-999,-999,-999,-999,-999,-999,-999,-999,-999,-999,"	865248535963115521",支付意愿评估,-999,-999,-999,-999,"	865248536340602882",图片展示和支付意愿,-999,-999,-999,-999,-999,-999,-999,-999
10,***,***,***,***,***,***,"	865248532553146371",个人信息,-999,-999,-999,-999,-999,-999,-999,"	865248533438144513",其他测试,-999,-999,-999,-999,-999,-999,-999,-999,-999,-999,-999,-999,-999,"	865248534461554690",记忆测试,-999,-999,-999,-999,-999,-999,-999,-999,-999,-999,-999,-999,-999,-999,-999,-999,"	865248535963115521",支付意愿评估,-999,-999,-999,-999,"	865248536340602882",图片展示和支付意愿,-999,-999,-999,-999,-999,-999,-999,-999
11,***,***,***,***,***,***,"	865248532553146371",个人信息,-999,-999,-999,-999,-999,-999,-999,"	865248533438144513",其他测试,-999,-999,-999,-999,-999,-999,-999,-999,-999,-999,-999,-999,-999,"	865248534461554690",记忆测试,-999,-999,-999,-999,-999,-999,-999,-999,-999,-999,-999,-999,-999,-999,-999,-999,"	865248535963115521",支付意愿评估,-999,-999,-999,-999,"	865248536340602882",图片展示和支付意愿,-999,-999,-999,-999,-999,-999,-999,-999
12,***,***,***,***,***,***,"	865248532553146371",个人信息,25-34岁,女,学士学位,失业,￥100000到￥200000,已婚,1个,"	865248533438144513",其他测试,正面,中质量,中质量,中质量,中质量,高质量,中质量,高质量,高质量,无区别,图片2,图片1,图片2,"	865248534461554690",记忆测试,未见过,见过,见过,见过,见过,见过,见过,见过,见过,见过,见过,见过,见过,见过,见过,见过,"	865248535963115521",支付意愿评估,43,27,25,22,"	865248536340602882",图片展示和支付意愿,40,30,20,30,40,20,30,20
13,***,***,***,***,***,***,"	865248532553146371",个人信息,-999,-999,-999,-999,-999,-999,-999,"	865248533438144513",其他测试,-999,-999,-999,-999,-999,-999,-999,-999,-999,-999,-999,-999,-999,"	865248534461554690",记忆测试,-999,-999,-999,-999,-999,-999,-999,-999,-999,-999,-999,-999,-999,-999,-999,-999,"	865248535963115521",支付意愿评估,-999,-999,-999,-999,"	865248536340602882",图片展示和支付意愿,-999,-999,-999,-999,-999,-999,-999,-999
14,***,***,***,***,***,***,"	865248532553146371",个人信息,25-34岁,男,学士学位,全职工作,￥200000到￥500000,已婚,1个,"	865248533438144513",其他测试,中立,低质量,低质量,中质量,低质量,高质量,中质量,低质量,低质量,图片1,图片2,图片2,无区别,"	865248534461554690",记忆测试,见过,未见过,未见过,未见过,未见过,未见过,未见过,未见过,见过,见过,见过,见过,见过,未见过,见过,见过,"	865248535963115521",支付意愿评估,30,16,20,30,"	865248536340602882",图片展示和支付意愿,15,20,30,10,15,10,10,10
15,***,***,***,***,***,***,"	865248532553146371",个人信息,45-54岁,女,高中以下,失业,少于￥50000,已婚,3个,"	865248533438144513",其他测试,中立,中质量,中质量,中质量,低质量,高质量,中质量,中质量,中质量,图片2,图片2,无区别,图片2,"	865248534461554690",记忆测试,见过,未见过,见过,见过,见过,未见过,见过,未见过,未见过,见过,见过,见过,见过,见过,见过,未见过,"	865248535963115521",支付意愿评估,10,10,15,10,"	865248536340602882",图片展示和支付意愿,15,10,10,15,12,15,15,10
16,***,***,***,***,***,***,"	865248532553146371",个人信息,-999,-999,-999,-999,-999,-999,-999,"	865248533438144513",其他测试,-999,-999,-999,-999,-999,-999,-999,-999,-999,-999,-999,-999,-999,"	865248534461554690",记忆测试,-999,-999,-999,-999,-999,-999,-999,-999,-999,-999,-999,-999,-999,-999,-999,-999,"	865248535963115521",支付意愿评估,-999,-999,-999,-999,"	865248536340602882",图片展示和支付意愿,-999,-999,-999,-999,-999,-999,-999,-999
17,***,***,***,***,***,***,"	865248532553146371",个人信息,25-34岁,女,硕士学位,自由职业,少于￥50000,单身从未结婚,无,"	865248533438144513",其他测试,中立,低质量,低质量,低质量,低质量,中质量,高质量,中质量,中质量,图片2,图片1,图片2,无区别,"	865248534461554690",记忆测试,见过,未见过,未见过,未见过,未见过,未见过,未见过,未见过,见过,见过,见过,见过,见过,未见过,见过,见过,"	865248535963115521",支付意愿评估,30,13,15,12,"	865248536340602882",图片展示和支付意愿,35,30,10,10,20,20,12,10
18,***,***,***,***,***,***,"	865248532553146371",个人信息,25-34岁,女,硕士学位,自由职业,少于￥50000,单身从未结婚,无,"	865248533438144513",其他测试,中立,低质量,低质量,中质量,低质量,中质量,高质量,中质量,中质量,图片2,图片1,图片2,无区别,"	865248534461554690",记忆测试,见过,见过,未见过,未见过,未见过,未见过,未见过,未见过,见过,见过,见过,见过,见过,未见过,见过,见过,"	865248535963115521",支付意愿评估,30,15,16,15,"	865248536340602882",图片展示和支付意愿,35,30,20,15,25,15,15,10
19,***,***,***,***,***,***,"	865248532553146371",个人信息,18-24岁,女,硕士学位,自由职业,￥50000到￥100000,单身从未结婚,无,"	865248533438144513",其他测试,正面,高质量,中质量,中质量,中质量,中质量,中质量,中质量,高质量,图片2,图片2,无区别,无区别,"	865248534461554690",记忆测试,见过,见过,见过,见过,见过,见过,见过,见过,见过,见过,见过,未见过,见过,未见过,见过,见过,"	865248535963115521",支付意愿评估,20,16,17,15,"	865248536340602882",图片展示和支付意愿,26,22,25,18,30,28,28,28
20,***,***,***,***,***,***,"	865248532553146371",个人信息,18-24岁,男,博士学位,兼职工作,￥50000到￥100000,丧偶,无,"	865248533438144513",其他测试,中立,低质量,中质量,高质量,低质量,高质量,中质量,高质量,中质量,图片1,图片2,图片1,无区别,"	865248534461554690",记忆测试,见过,未见过,未见过,未见过,未见过,未见过,未见过,未见过,见过,见过,见过,见过,见过,未见过,见过,见过,"	865248535963115521",支付意愿评估,25,10,10,14,"	865248536340602882",图片展示和支付意愿,12,20,20,25,20,30,5,8
21,***,***,***,***,***,***,"	865248532553146371",个人信息,25-34岁,女,学士学位,自由职业,￥50000到￥100000,单身从未结婚,无,"	865248533438144513",其他测试,正面,中质量,低质量,中质量,低质量,中质量,低质量,中质量,低质量,图片1,图片2,图片1,图片2,"	865248534461554690",记忆测试,见过,未见过,未见过,未见过,未见过,未见过,未见过,未见过,见过,见过,见过,见过,见过,未见过,见过,见过,"	865248535963115521",支付意愿评估,10,10,10,10,"	865248536340602882",图片展示和支付意愿,10,15,10,10,10,20,15,10
22,***,***,***,***,***,***,"	865248532553146371",个人信息,18-24岁,女,学士学位,自由职业,￥50000到￥100000,单身从未结婚,无,"	865248533438144513",其他测试,正面,高质量,低质量,中质量,低质量,低质量,低质量,低质量,低质量,图片1,图片2,无区别,图片2,"	865248534461554690",记忆测试,见过,见过,见过,见过,未见过,见过,见过,见过,未见过,见过,见过,未见过,未见过,未见过,见过,未见过,"	865248535963115521",支付意愿评估,25,13,19,16,"	865248536340602882",图片展示和支付意愿,16,18,20,10,12,15,17,10
23,***,***,***,***,***,***,"	865248532553146371",个人信息,-999,-999,-999,-999,-999,-999,-999,"	865248533438144513",其他测试,-999,-999,-999,-999,-999,-999,-999,-999,-999,-999,-999,-999,-999,"	865248534461554690",记忆测试,-999,-999,-999,-999,-999,-999,-999,-999,-999,-999,-999,-999,-999,-999,-999,-999,"	865248535963115521",支付意愿评估,-999,-999,-999,-999,"	865248536340602882",图片展示和支付意愿,-999,-999,-999,-999,-999,-999,-999,-999
24,***,***,***,***,***,***,"	865248532553146371",个人信息,25-34岁,男,高中毕业或同等学历,全职工作,￥50000到￥100000,单身从未结婚,无,"	865248533438144513",其他测试,中立,低质量,中质量,低质量,低质量,高质量,中质量,中质量,高质量,图片2,图片2,图片1,图片1,"	865248534461554690",记忆测试,见过,见过,见过,见过,见过,见过,见过,见过,见过,见过,见过,见过,见过,见过,见过,见过,"	865248535963115521",支付意愿评估,25,13,13,50,"	865248536340602882",图片展示和支付意愿,20,20,10,5,8,15,3,3
25,***,***,***,***,***,***,"	865248532553146371",个人信息,25-34岁,女,硕士学位,兼职工作,￥100000到￥200000,单身从未结婚,无,"	865248533438144513",其他测试,中立,高质量,高质量,低质量,中质量,低质量,低质量,中质量,高质量,图片1,图片2,无区别,图片1,"	865248534461554690",记忆测试,未见过,见过,未见过,见过,未见过,未见过,见过,未见过,见过,未见过,见过,未见过,见过,未见过,见过,未见过,"	865248535963115521",支付意愿评估,38,23,46,29,"	865248536340602882",图片展示和支付意愿,25,16,36,27,27,29,46,38
26,***,***,***,***,***,***,"	865248532553146371",个人信息,18-24岁,男,高中毕业或同等学历,全职工作,￥200000到￥500000,单身从未结婚,无,"	865248533438144513",其他测试,中立,低质量,低质量,低质量,低质量,中质量,中质量,低质量,中质量,图片2,图片2,图片2,图片2,"	865248534461554690",记忆测试,见过,见过,见过,见过,见过,见过,见过,见过,见过,见过,见过,见过,见过,见过,见过,见过,"	865248535963115521",支付意愿评估,25,25,24,20,"	865248536340602882",图片展示和支付意愿,20,20,15,15,10,10,10,5
27,***,***,***,***,***,***,"	865248532553146371",个人信息,25-34岁,男,学士学位,全职工作,￥100000到￥200000,已婚,无,"	865248533438144513",其他测试,正面,中质量,低质量,中质量,低质量,低质量,中质量,中质量,低质量,图片1,图片2,图片2,图片2,"	865248534461554690",记忆测试,见过,未见过,未见过,见过,未见过,未见过,未见过,未见过,见过,见过,见过,见过,见过,未见过,见过,见过,"	865248535963115521",支付意愿评估,21,28,18,19,"	865248536340602882",图片展示和支付意愿,30,30,15,15,20,20,25,15
28,***,***,***,***,***,***,"	865248532553146371",个人信息,25-34岁,男,学士学位,全职工作,￥100000到￥200000,已婚,1个,"	865248533438144513",其他测试,非常正面,中质量,低质量,中质量,高质量,中质量,中质量,中质量,高质量,图片1,图片1,图片2,图片2,"	865248534461554690",记忆测试,见过,未见过,未见过,未见过,未见过,未见过,未见过,未见过,未见过,见过,见过,见过,见过,未见过,未见过,见过,"	865248535963115521",支付意愿评估,27,21,21,33,"	865248536340602882",图片展示和支付意愿,35,30,34,30,40,25,30,25
29,***,***,***,***,***,***,"	865248532553146371",个人信息,18-24岁,男,高中毕业或同等学历,自由职业,￥100000到￥200000,单身从未结婚,无,"	865248533438144513",其他测试,正面,中质量,高质量,中质量,中质量,高质量,中质量,中质量,高质量,图片2,图片1,无区别,图片2,"	865248534461554690",记忆测试,见过,未见过,未见过,未见过,未见过,未见过,未见过,未见过,见过,见过,见过,见过,见过,未见过,见过,见过,"	865248535963115521",支付意愿评估,50,15,20,10,"	865248536340602882",图片展示和支付意愿,20,25,10,25,20,20,25,15
30,***,***,***,***,***,***,"	865248532553146371",个人信息,25-34岁,女,高中以下,自由职业,少于￥50000,已婚,1个,"	865248533438144513",其他测试,正面,高质量,高质量,中质量,中质量,低质量,低质量,高质量,中质量,无区别,图片2,图片2,图片1,"	865248534461554690",记忆测试,未见过,见过,未见过,见过,见过,见过,见过,见过,见过,见过,见过,未见过,见过,未见过,见过,未见过,"	865248535963115521",支付意愿评估,26,13,13,12,"	865248536340602882",图片展示和支付意愿,11,12,10,12,15,10,13,12
31,***,***,***,***,***,***,"	865248532553146371",个人信息,18-24岁,女,学士学位,学生,￥100000到￥200000,单身从未结婚,无,"	865248533438144513",其他测试,非常正面,中质量,低质量,中质量,低质量,中质量,中质量,低质量,中质量,图片1,图片2,图片2,图片2,"	865248534461554690",记忆测试,见过,未见过,未见过,未见过,未见过,未见过,未见过,未见过,见过,见过,见过,见过,见过,未见过,见过,见过,"	865248535963115521",支付意愿评估,30,14,12,10,"	865248536340602882",图片展示和支付意愿,15,20,22,11,30,15,17,10
32,***,***,***,***,***,***,"	865248532553146371",个人信息,25-34岁,男,学士学位,全职工作,￥200000到￥500000,已婚,2个,"	865248533438144513",其他测试,非常正面,高质量,中质量,中质量,中质量,高质量,高质量,高质量,高质量,图片2,图片2,图片2,图片2,"	865248534461554690",记忆测试,见过,未见过,未见过,未见过,未见过,未见过,未见过,未见过,见过,见过,未见过,见过,见过,未见过,见过,见过,"	865248535963115521",支付意愿评估,30,20,20,30,"	865248536340602882",图片展示和支付意愿,20,11,30,12,30,10,20,10
33,***,***,***,***,***,***,"	865248532553146371",个人信息,18-24岁,男,学士学位,全职工作,￥50000到￥100000,单身从未结婚,无,"	865248533438144513",其他测试,中立,中质量,中质量,高质量,中质量,中质量,高质量,中质量,高质量,图片2,图片2,图片1,无区别,"	865248534461554690",记忆测试,见过,见过,见过,未见过,见过,见过,见过,见过,见过,见过,见过,未见过,见过,见过,未见过,见过,"	865248535963115521",支付意愿评估,32,21,20,14,"	865248536340602882",图片展示和支付意愿,25,15,20,10,30,25,10,10
34,***,***,***,***,***,***,"	865248532553146371",个人信息,35-44岁,女,高中毕业或同等学历,自由职业,￥500000到￥1000000,已婚,1个,"	865248533438144513",其他测试,中立,中质量,低质量,高质量,低质量,中质量,中质量,高质量,高质量,图片1,图片2,图片1,图片2,"	865248534461554690",记忆测试,见过,未见过,未见过,未见过,未见过,未见过,未见过,未见过,见过,见过,见过,见过,见过,未见过,见过,见过,"	865248535963115521",支付意愿评估,29,22,30,20,"	865248536340602882",图片展示和支付意愿,20,25,15,15,20,25,20,15
35,***,***,***,***,***,***,"	865248532553146371",个人信息,25-34岁,男,学士学位,全职工作,￥100000到￥200000,已婚,1个,"	865248533438144513",其他测试,非常正面,中质量,中质量,高质量,中质量,中质量,中质量,中质量,高质量,图片2,图片1,图片1,图片2,"	865248534461554690",记忆测试,见过,见过,见过,未见过,见过,未见过,见过,见过,见过,见过,未见过,未见过,未见过,见过,见过,见过,"	865248535963115521",支付意愿评估,27,22,38,37,"	865248536340602882",图片展示和支付意愿,30,25,16,36,23,41,21,28
36,***,***,***,***,***,***,"	865248532553146371",个人信息,-999,-999,-999,-999,-999,-999,-999,"	865248533438144513",其他测试,-999,-999,-999,-999,-999,-999,-999,-999,-999,-999,-999,-999,-999,"	865248534461554690",记忆测试,-999,-999,-999,-999,-999,-999,-999,-999,-999,-999,-999,-999,-999,-999,-999,-999,"	865248535963115521",支付意愿评估,-999,-999,-999,-999,"	865248536340602882",图片展示和支付意愿,-999,-999,-999,-999,-999,-999,-999,-999
37,***,***,***,***,***,***,"	865248532553146371",个人信息,18-24岁,男,高中毕业或同等学历,全职工作,￥50000到￥100000,单身从未结婚,无,"	865248533438144513",其他测试,正面,低质量,高质量,中质量,中质量,中质量,高质量,中质量,中质量,无区别,图片1,图片2,图片1,"	865248534461554690",记忆测试,见过,未见过,见过,见过,见过,见过,见过,见过,未见过,见过,未见过,未见过,见过,见过,见过,见过,"	865248535963115521",支付意愿评估,22,15,15,10,"	865248536340602882",图片展示和支付意愿,18,16,12,22,18,22,16,18
38,***,***,***,***,***,***,"	865248532553146371",个人信息,25-34岁,男,学士学位,兼职工作,￥100000到￥200000,离婚,1个,"	865248533438144513",其他测试,中立,高质量,低质量,中质量,高质量,中质量,低质量,中质量,高质量,无区别,图片1,图片2,无区别,"	865248534461554690",记忆测试,见过,未见过,未见过,见过,未见过,见过,未见过,未见过,见过,未见过,见过,未见过,未见过,见过,见过,未见过,"	865248535963115521",支付意愿评估,36,30,45,28,"	865248536340602882",图片展示和支付意愿,24,37,34,26,39,28,37,27
39,***,***,***,***,***,***,"	865248532553146371",个人信息,18-24岁,男,学士学位,学生,￥200000到￥500000,单身从未结婚,无,"	865248533438144513",其他测试,正面,高质量,中质量,中质量,低质量,低质量,高质量,高质量,中质量,图片1,图片1,图片2,图片2,"	865248534461554690",记忆测试,见过,未见过,未见过,见过,未见过,见过,见过,未见过,见过,见过,未见过,未见过,见过,未见过,见过,未见过,"	865248535963115521",支付意愿评估,35,11,11,10,"	865248536340602882",图片展示和支付意愿,15,15,10,20,30,20,35,10
40,***,***,***,***,***,***,"	865248532553146371",个人信息,18-24岁,男,学士学位,学生,￥200000到￥500000,单身从未结婚,无,"	865248533438144513",其他测试,非常正面,中质量,高质量,中质量,低质量,中质量,低质量,高质量,中质量,图片1,图片2,图片1,图片1,"	865248534461554690",记忆测试,未见过,未见过,未见过,未见过,未见过,见过,未见过,未见过,未见过,未见过,未见过,见过,未见过,未见过,未见过,未见过,"	865248535963115521",支付意愿评估,31,39,28,38,"	865248536340602882",图片展示和支付意愿,20,12,26,23,10,20,10,30
41,***,***,***,***,***,***,"	865248532553146371",个人信息,18-24岁,男,学士学位,全职工作,￥100000到￥200000,单身从未结婚,无,"	865248533438144513",其他测试,中立,中质量,低质量,中质量,低质量,高质量,高质量,低质量,高质量,图片1,图片2,图片2,图片2,"	865248534461554690",记忆测试,见过,未见过,未见过,未见过,未见过,未见过,未见过,未见过,见过,见过,见过,见过,见过,未见过,见过,见过,"	865248535963115521",支付意愿评估,12,10,14,13,"	865248536340602882",图片展示和支付意愿,14,16,15,11,15,11,15,12
42,***,***,***,***,***,***,"	865248532553146371",个人信息,25-34岁,女,高中毕业或同等学历,全职工作,￥50000到￥100000,已婚,2个,"	865248533438144513",其他测试,负面,中质量,中质量,高质量,中质量,中质量,中质量,中质量,中质量,图片1,图片1,图片1,图片1,"	865248534461554690",记忆测试,见过,见过,见过,见过,见过,见过,见过,见过,见过,见过,见过,见过,见过,未见过,见过,见过,"	865248535963115521",支付意愿评估,20,22,19,12,"	865248536340602882",图片展示和支付意愿,14,15,22,21,23,24,13,12
43,***,***,***,***,***,***,"	865248532553146371",个人信息,-999,-999,-999,-999,-999,-999,-999,"	865248533438144513",其他测试,-999,-999,-999,-999,-999,-999,-999,-999,-999,-999,-999,-999,-999,"	865248534461554690",记忆测试,-999,-999,-999,-999,-999,-999,-999,-999,-999,-999,-999,-999,-999,-999,-999,-999,"	865248535963115521",支付意愿评估,-999,-999,-999,-999,"	865248536340602882",图片展示和支付意愿,-999,-999,-999,-999,-999,-999,-999,-999
44,***,***,***,***,***,***,"	865248532553146371",个人信息,25-34岁,女,学士学位,全职工作,￥50000到￥100000,已婚,无,"	865248533438144513",其他测试,正面,低质量,高质量,低质量,中质量,中质量,低质量,低质量,中质量,无区别,图片1,图片1,无区别,"	865248534461554690",记忆测试,见过,未见过,未见过,未见过,未见过,未见过,见过,见过,未见过,见过,见过,见过,见过,见过,见过,未见过,"	865248535963115521",支付意愿评估,26,16,19,24,"	865248536340602882",图片展示和支付意愿,20,25,15,16,10,12,10,10
45,***,***,***,***,***,***,"	865248532553146371",个人信息,18-24岁,男,学士学位,全职工作,￥100000到￥200000,单身从未结婚,无,"	865248533438144513",其他测试,正面,中质量,低质量,高质量,低质量,高质量,高质量,中质量,低质量,图片2,图片2,图片2,图片2,"	865248534461554690",记忆测试,见过,未见过,未见过,见过,未见过,未见过,未见过,未见过,见过,见过,见过,见过,见过,未见过,未见过,见过,"	865248535963115521",支付意愿评估,22,17,14,30,"	865248536340602882",图片展示和支付意愿,20,25,30,22,28,20,30,20
46,***,***,***,***,***,***,"	865248532553146371",个人信息,18-24岁,男,学士学位,学生,￥1000000或以上,单身从未结婚,无,"	865248533438144513",其他测试,正面,高质量,低质量,中质量,低质量,高质量,中质量,低质量,中质量,图片2,图片2,图片2,图片2,"	865248534461554690",记忆测试,见过,未见过,未见过,未见过,未见过,未见过,未见过,未见过,见过,见过,见过,见过,见过,未见过,见过,见过,"	865248535963115521",支付意愿评估,40,20,15,15,"	865248536340602882",图片展示和支付意愿,20,15,30,20,25,15,20,15
47,***,***,***,***,***,***,"	865248532553146371",个人信息,18-24岁,男,高中毕业或同等学历,自由职业,￥100000到￥200000,单身从未结婚,无,"	865248533438144513",其他测试,非常正面,中质量,高质量,中质量,高质量,高质量,中质量,中质量,低质量,图片1,图片1,图片2,图片1,"	865248534461554690",记忆测试,见过,未见过,未见过,未见过,未见过,未见过,未见过,未见过,见过,见过,见过,见过,见过,未见过,见过,见过,"	865248535963115521",支付意愿评估,18,18,29,19,"	865248536340602882",图片展示和支付意愿,21,26,15,20,25,18,26,20
48,***,***,***,***,***,***,"	865248532553146371",个人信息,25-34岁,女,硕士学位,兼职工作,￥100000到￥200000,离婚,2个,"	865248533438144513",其他测试,非常负面,高质量,中质量,中质量,低质量,中质量,中质量,低质量,中质量,图片2,无区别,图片1,图片2,"	865248534461554690",记忆测试,见过,见过,未见过,见过,未见过,见过,见过,未见过,未见过,未见过,见过,未见过,见过,未见过,见过,未见过,"	865248535963115521",支付意愿评估,22,19,29,15,"	865248536340602882",图片展示和支付意愿,34,19,22,10,25,16,24,29
49,***,***,***,***,***,***,"	865248532553146371",个人信息,18-24岁,男,学士学位,学生,￥50000到￥100000,单身从未结婚,无,"	865248533438144513",其他测试,非常正面,中质量,中质量,高质量,低质量,中质量,中质量,低质量,低质量,图片1,图片2,图片2,图片2,"	865248534461554690",记忆测试,未见过,见过,见过,未见过,未见过,见过,未见过,未见过,见过,见过,未见过,未见过,未见过,未见过,见过,未见过,"	865248535963115521",支付意愿评估,30,10,12,15,"	865248536340602882",图片展示和支付意愿,15,15,20,12,14,20,13,15
50,***,***,***,***,***,***,"	865248532553146371",个人信息,18-24岁,男,学士学位,自由职业,￥50000到￥100000,单身从未结婚,无,"	865248533438144513",其他测试,正面,低质量,中质量,中质量,低质量,高质量,中质量,中质量,中质量,无区别,图片2,图片2,无区别,"	865248534461554690",记忆测试,见过,见过,见过,见过,未见过,见过,见过,见过,见过,见过,未见过,未见过,见过,未见过,未见过,未见过,"	865248535963115521",支付意愿评估,21,11,14,10,"	865248536340602882",图片展示和支付意愿,15,10,15,10,20,10,10,10
51,***,***,***,***,***,***,"	865248532553146371",个人信息,-999,-999,-999,-999,-999,-999,-999,"	865248533438144513",其他测试,-999,-999,-999,-999,-999,-999,-999,-999,-999,-999,-999,-999,-999,"	865248534461554690",记忆测试,-999,-999,-999,-999,-999,-999,-999,-999,-999,-999,-999,-999,-999,-999,-999,-999,"	865248535963115521",支付意愿评估,37,40,34,29,"	865248536340602882",图片展示和支付意愿,-999,-999,-999,-999,-999,-999,-999,-999
52,***,***,***,***,***,***,"	865248532553146371",个人信息,18-24岁,男,学士学位,全职工作,￥100000到￥200000,单身从未结婚,无,"	865248533438144513",其他测试,中立,中质量,中质量,中质量,中质量,中质量,中质量,低质量,中质量,图片1,图片2,图片2,图片2,"	865248534461554690",记忆测试,见过,未见过,见过,未见过,见过,见过,见过,未见过,见过,见过,见过,见过,见过,未见过,见过,未见过,"	865248535963115521",支付意愿评估,30,15,20,25,"	865248536340602882",图片展示和支付意愿,30,35,30,25,20,20,25,20
53,***,***,***,***,***,***,"	865248532553146371",个人信息,18-24岁,女,学士学位,学生,少于￥50000,单身从未结婚,无,"	865248533438144513",其他测试,正面,中质量,低质量,中质量,中质量,低质量,中质量,低质量,高质量,图片2,图片1,图片2,图片1,"	865248534461554690",记忆测试,未见过,未见过,未见过,未见过,未见过,未见过,未见过,未见过,见过,见过,未见过,见过,未见过,未见过,未见过,见过,"	865248535963115521",支付意愿评估,21,19,26,21,"	865248536340602882",图片展示和支付意愿,35,20,25,20,30,30,40,30
54,***,***,***,***,***,***,"	865248532553146371",个人信息,25-34岁,男,学士学位,全职工作,￥100000到￥200000,已婚,1个,"	865248533438144513",其他测试,正面,中质量,低质量,低质量,低质量,中质量,中质量,低质量,中质量,无区别,图片2,图片1,图片2,"	865248534461554690",记忆测试,见过,未见过,见过,未见过,未见过,见过,见过,未见过,见过,见过,未见过,未见过,未见过,未见过,未见过,未见过,"	865248535963115521",支付意愿评估,19,14,21,16,"	865248536340602882",图片展示和支付意愿,30,25,15,10,20,15,25,20
55,***,***,***,***,***,***,"	865248532553146371",个人信息,25-34岁,男,硕士学位,自由职业,￥500000到￥1000000,单身从未结婚,无,"	865248533438144513",其他测试,正面,高质量,中质量,中质量,低质量,高质量,高质量,高质量,中质量,图片2,图片2,图片2,图片2,"	865248534461554690",记忆测试,见过,未见过,未见过,见过,未见过,见过,未见过,未见过,见过,见过,见过,见过,未见过,未见过,见过,见过,"	865248535963115521",支付意愿评估,23,17,25,41,"	865248536340602882",图片展示和支付意愿,11,10,30,10,22,16,40,10
56,***,***,***,***,***,***,"	865248532553146371",个人信息,18-24岁,男,学士学位,学生,￥100000到￥200000,单身从未结婚,无,"	865248533438144513",其他测试,非常正面,中质量,低质量,低质量,中质量,高质量,低质量,中质量,中质量,图片2,图片2,图片1,图片2,"	865248534461554690",记忆测试,见过,未见过,未见过,未见过,未见过,见过,未见过,未见过,见过,见过,见过,见过,见过,未见过,见过,见过,"	865248535963115521",支付意愿评估,50,16,15,15,"	865248536340602882",图片展示和支付意愿,11,15,13,15,12,15,15,13
57,***,***,***,***,***,***,"	865248532553146371",个人信息,25-34岁,女,硕士学位,自由职业,￥500000到￥1000000,已婚,2个,"	865248533438144513",其他测试,非常正面,中质量,低质量,中质量,低质量,低质量,中质量,中质量,高质量,图片1,图片1,图片2,图片2,"	865248534461554690",记忆测试,见过,见过,见过,见过,见过,见过,见过,见过,见过,见过,见过,见过,见过,见过,见过,未见过,"	865248535963115521",支付意愿评估,50,47,42,34,"	865248536340602882",图片展示和支付意愿,20,20,15,20,13,12,11,12
58,***,***,***,***,***,***,"	865248532553146371",个人信息,35-44岁,女,高中毕业或同等学历,自由职业,少于￥50000,已婚,1个,"	865248533438144513",其他测试,非常正面,中质量,中质量,高质量,中质量,中质量,高质量,高质量,高质量,图片1,图片2,图片1,图片2,"	865248534461554690",记忆测试,见过,未见过,见过,未见过,见过,见过,见过,见过,未见过,见过,未见过,见过,见过,未见过,见过,未见过,"	865248535963115521",支付意愿评估,30,16,17,21,"	865248536340602882",图片展示和支付意愿,20,50,30,28,18,29,15,18
59,***,***,***,***,***,***,"	865248532553146371",个人信息,18-24岁,女,高中毕业或同等学历,全职工作,￥50000到￥100000,已婚,1个,"	865248533438144513",其他测试,正面,低质量,低质量,低质量,低质量,低质量,中质量,中质量,高质量,图片2,图片1,图片1,无区别,"	865248534461554690",记忆测试,见过,见过,见过,见过,见过,未见过,未见过,未见过,见过,见过,见过,未见过,见过,未见过,未见过,未见过,"	865248535963115521",支付意愿评估,25,37,37,37,"	865248536340602882",图片展示和支付意愿,34,35,25,35,10,10,16,17
60,***,***,***,***,***,***,"	865248532553146371",个人信息,25-34岁,男,硕士学位,全职工作,￥200000到￥500000,已婚,2个,"	865248533438144513",其他测试,正面,低质量,中质量,低质量,低质量,中质量,中质量,中质量,中质量,图片1,图片2,图片1,无区别,"	865248534461554690",记忆测试,见过,未见过,未见过,未见过,未见过,未见过,未见过,未见过,见过,见过,见过,见过,见过,未见过,见过,见过,"	865248535963115521",支付意愿评估,50,27,25,33,"	865248536340602882",图片展示和支付意愿,32,45,30,15,10,20,20,30
61,***,***,***,***,***,***,"	865248532553146371",个人信息,25-34岁,男,高中毕业或同等学历,自由职业,￥50000到￥100000,单身从未结婚,无,"	865248533438144513",其他测试,中立,中质量,高质量,高质量,低质量,中质量,高质量,中质量,中质量,图片2,图片1,图片2,图片2,"	865248534461554690",记忆测试,见过,未见过,未见过,见过,未见过,未见过,见过,未见过,见过,见过,未见过,未见过,见过,未见过,见过,未见过,"	865248535963115521",支付意愿评估,18,24,19,50,"	865248536340602882",图片展示和支付意愿,18,15,10,15,20,，,20,10
62,***,***,***,***,***,***,"	865248532553146371",个人信息,25-34岁,女,高中毕业或同等学历,自由职业,￥50000到￥100000,已婚,2个,"	865248533438144513",其他测试,中立,低质量,低质量,中质量,高质量,高质量,低质量,低质量,中质量,图片2,图片2,图片2,图片1,"	865248534461554690",记忆测试,见过,未见过,未见过,见过,未见过,未见过,未见过,未见过,见过,见过,见过,见过,见过,未见过,见过,见过,"	865248535963115521",支付意愿评估,15,10,10,13,"	865248536340602882",图片展示和支付意愿,15,10,10,10,12,10,10,12
63,***,***,***,***,***,***,"	865248532553146371",个人信息,18-24岁,男,学士学位,全职工作,￥50000到￥100000,单身从未结婚,无,"	865248533438144513",其他测试,正面,中质量,低质量,中质量,中质量,高质量,高质量,中质量,中质量,图片1,图片2,图片2,图片1,"	865248534461554690",记忆测试,见过,未见过,见过,未见过,未见过,见过,未见过,未见过,见过,见过,见过,见过,见过,未见过,见过,未见过,"	865248535963115521",支付意愿评估,30,15,18,13,"	865248536340602882",图片展示和支付意愿,20,13,18,8,25,15,18,10
64,***,***,***,***,***,***,"	865248532553146371",个人信息,18-24岁,男,高中毕业或同等学历,自由职业,￥50000到￥100000,单身从未结婚,无,"	865248533438144513",其他测试,正面,低质量,低质量,低质量,低质量,低质量,中质量,低质量,低质量,图片1,图片1,图片2,图片1,"	865248534461554690",记忆测试,未见过,见过,见过,见过,见过,见过,见过,未见过,未见过,见过,见过,未见过,见过,未见过,未见过,未见过,"	865248535963115521",支付意愿评估,18,16,17,14,"	865248536340602882",图片展示和支付意愿,18,18,10,10,20,10,10,10
65,***,***,***,***,***,***,"	865248532553146371",个人信息,25-34岁,女,高中以下,自由职业,￥50000到￥100000,已婚,2个,"	865248533438144513",其他测试,非常正面,低质量,中质量,低质量,低质量,中质量,低质量,低质量,中质量,无区别,图片1,图片1,图片2,"	865248534461554690",记忆测试,见过,见过,见过,见过,见过,见过,见过,未见过,见过,见过,见过,见过,见过,见过,见过,见过,"	865248535963115521",支付意愿评估,50,40,39,41,"	865248536340602882",图片展示和支付意愿,30,22,20,45,50,25,15,10
66,***,***,***,***,***,***,"	865248532553146371",个人信息,25-34岁,男,高中毕业或同等学历,全职工作,￥100000到￥200000,单身从未结婚,无,"	865248533438144513",其他测试,中立,中质量,低质量,高质量,中质量,中质量,中质量,中质量,中质量,图片1,图片2,图片1,图片2,"	865248534461554690",记忆测试,见过,未见过,未见过,见过,未见过,未见过,未见过,未见过,见过,见过,见过,见过,见过,未见过,未见过,见过,"	865248535963115521",支付意愿评估,25,25,20,22,"	865248536340602882",图片展示和支付意愿,32,25,26,10,20,30,31,10
67,***,***,***,***,***,***,"	865248532553146371",个人信息,25-34岁,男,学士学位,自由职业,￥50000到￥100000,单身从未结婚,无,"	865248533438144513",其他测试,非常正面,中质量,中质量,中质量,高质量,高质量,高质量,高质量,高质量,图片2,图片2,图片2,图片2,"	865248534461554690",记忆测试,见过,见过,见过,见过,见过,见过,见过,见过,未见过,见过,见过,见过,未见过,见过,见过,未见过,"	865248535963115521",支付意愿评估,25,26,28,37,"	865248536340602882",图片展示和支付意愿,25,30,22,25,26,28,40,35
68,***,***,***,***,***,***,"	865248532553146371",个人信息,25-34岁,男,学士学位,全职工作,￥100000到￥200000,已婚,1个,"	865248533438144513",其他测试,中立,高质量,中质量,中质量,低质量,高质量,高质量,低质量,中质量,图片2,图片2,图片2,图片1,"	865248534461554690",记忆测试,未见过,见过,见过,见过,未见过,见过,见过,未见过,见过,见过,未见过,见过,未见过,未见过,见过,见过,"	865248535963115521",支付意愿评估,24,15,20,10,"	865248536340602882",图片展示和支付意愿,20,15,30,15,20,20,10,10
69,***,***,***,***,***,***,"	865248532553146371",个人信息,25-34岁,女,学士学位,自由职业,￥50000到￥100000,单身从未结婚,无,"	865248533438144513",其他测试,非常正面,中质量,高质量,高质量,中质量,高质量,高质量,高质量,高质量,图片2,图片1,图片1,图片2,"	865248534461554690",记忆测试,见过,未见过,未见过,未见过,未见过,未见过,未见过,未见过,见过,见过,见过,见过,见过,未见过,见过,见过,"	865248535963115521",支付意愿评估,25,11,15,10,"	865248536340602882",图片展示和支付意愿,15,15,10,20,10,15,10,10
70,***,***,***,***,***,***,"	865248532553146371",个人信息,18-24岁,男,学士学位,全职工作,￥50000到￥100000,单身从未结婚,无,"	865248533438144513",其他测试,正面,中质量,中质量,中质量,低质量,中质量,中质量,中质量,中质量,图片1,无区别,图片2,无区别,"	865248534461554690",记忆测试,见过,未见过,未见过,未见过,未见过,未见过,未见过,未见过,见过,见过,见过,见过,见过,未见过,见过,见过,"	865248535963115521",支付意愿评估,50,22,22,15,"	865248536340602882",图片展示和支付意愿,15,15,10,15,20,15,10,10
71,***,***,***,***,***,***,"	865248532553146371",个人信息,18-24岁,男,高中毕业或同等学历,全职工作,￥100000到￥200000,单身从未结婚,无,"	865248533438144513",其他测试,正面,中质量,低质量,中质量,低质量,中质量,高质量,低质量,中质量,图片2,图片2,图片2,图片2,"	865248534461554690",记忆测试,见过,见过,未见过,见过,见过,见过,见过,未见过,未见过,见过,未见过,见过,见过,未见过,见过,未见过,"	865248535963115521",支付意愿评估,30,12,12,16,"	865248536340602882",图片展示和支付意愿,20,30,20,10,30,12,30,20
72,***,***,***,***,***,***,"	865248532553146371",个人信息,18-24岁,男,学士学位,全职工作,￥50000到￥100000,单身从未结婚,无,"	865248533438144513",其他测试,正面,中质量,低质量,中质量,低质量,高质量,中质量,低质量,低质量,图片1,图片2,图片2,图片2,"	865248534461554690",记忆测试,见过,见过,见过,未见过,见过,见过,见过,未见过,见过,见过,见过,见过,未见过,未见过,未见过,未见过,"	865248535963115521",支付意愿评估,28,10,10,13,"	865248536340602882",图片展示和支付意愿,13,15,15,20,25,30,10,10
73,***,***,***,***,***,***,"	865248532553146371",个人信息,-999,-999,-999,-999,-999,-999,-999,"	865248533438144513",其他测试,-999,-999,-999,-999,-999,-999,-999,-999,-999,-999,-999,-999,-999,"	865248534461554690",记忆测试,-999,-999,-999,-999,-999,-999,-999,-999,-999,-999,-999,-999,-999,-999,-999,-999,"	865248535963115521",支付意愿评估,-999,-999,-999,-999,"	865248536340602882",图片展示和支付意愿,-999,-999,-999,-999,-999,-999,-999,-999
74,***,***,***,***,***,***,"	865248532553146371",个人信息,35-44岁,男,高中以下,自由职业,少于￥50000,已婚,2个,"	865248533438144513",其他测试,正面,高质量,低质量,低质量,高质量,高质量,高质量,低质量,低质量,无区别,图片2,图片2,图片2,"	865248534461554690",记忆测试,见过,见过,见过,见过,未见过,见过,见过,见过,见过,见过,见过,见过,见过,见过,见过,见过,"	865248535963115521",支付意愿评估,50,13,20,15,"	865248536340602882",图片展示和支付意愿,15,20,50,20,15,12,15,20
75,***,***,***,***,***,***,"	865248532553146371",个人信息,18-24岁,男,学士学位,学生,￥200000到￥500000,已婚,无,"	865248533438144513",其他测试,正面,中质量,高质量,低质量,低质量,低质量,中质量,高质量,中质量,无区别,图片1,图片1,图片1,"	865248534461554690",记忆测试,见过,见过,见过,未见过,未见过,见过,见过,见过,未见过,未见过,见过,未见过,见过,未见过,见过,见过,"	865248535963115521",支付意愿评估,47,39,48,47,"	865248536340602882",图片展示和支付意愿,36,18,45,34,46,13,19,20
76,***,***,***,***,***,***,"	865248532553146371",个人信息,25-34岁,女,高中毕业或同等学历,兼职工作,￥50000到￥100000,单身从未结婚,无,"	865248533438144513",其他测试,正面,高质量,高质量,低质量,中质量,中质量,高质量,中质量,中质量,图片2,图片1,图片2,图片1,"	865248534461554690",记忆测试,见过,见过,见过,见过,见过,见过,见过,见过,见过,见过,见过,见过,见过,未见过,见过,见过,"	865248535963115521",支付意愿评估,28,16,14,15,"	865248536340602882",图片展示和支付意愿,18,12,18,26,22,24,16,18
77,***,***,***,***,***,***,"	865248532553146371",个人信息,18-24岁,男,学士学位,全职工作,￥200000到￥500000,单身从未结婚,无,"	865248533438144513",其他测试,非常正面,高质量,低质量,中质量,中质量,高质量,高质量,高质量,中质量,图片1,图片2,图片1,图片2,"	865248534461554690",记忆测试,见过,未见过,见过,未见过,见过,见过,见过,见过,未见过,见过,见过,见过,未见过,见过,见过,见过,"	865248535963115521",支付意愿评估,27,11,21,12,"	865248536340602882",图片展示和支付意愿,10,12,18,10,15,20,40,20
78,***,***,***,***,***,***,"	865248532553146371",个人信息,25-34岁,女,高中毕业或同等学历,全职工作,￥100000到￥200000,已婚,2个,"	865248533438144513",其他测试,非常正面,中质量,低质量,中质量,低质量,高质量,高质量,低质量,高质量,图片2,图片2,图片2,图片2,"	865248534461554690",记忆测试,见过,未见过,未见过,未见过,未见过,未见过,未见过,未见过,见过,见过,见过,见过,见过,未见过,未见过,未见过,"	865248535963115521",支付意愿评估,32,19,25,19,"	865248536340602882",图片展示和支付意愿,25,20,35,15,22,15,15,10
79,***,***,***,***,***,***,"	865248532553146371",个人信息,18-24岁,男,学士学位,自由职业,￥50000到￥100000,单身从未结婚,无,"	865248533438144513",其他测试,非常正面,高质量,中质量,高质量,低质量,中质量,高质量,中质量,高质量,图片1,图片2,图片2,图片2,"	865248534461554690",记忆测试,见过,未见过,见过,见过,见过,见过,见过,未见过,见过,见过,未见过,见过,见过,未见过,见过,未见过,"	865248535963115521",支付意愿评估,25,15,15,10,"	865248536340602882",图片展示和支付意愿,20,15,20,10,25,20,15,10
80,***,***,***,***,***,***,"	865248532553146371",个人信息,25-34岁,女,高中毕业或同等学历,兼职工作,少于￥50000,已婚,1个,"	865248533438144513",其他测试,非常正面,高质量,中质量,中质量,高质量,中质量,高质量,中质量,高质量,图片2,图片1,图片2,图片1,"	865248534461554690",记忆测试,见过,未见过,未见过,未见过,未见过,未见过,未见过,未见过,见过,见过,见过,见过,见过,未见过,见过,见过,"	865248535963115521",支付意愿评估,50,13,14,15,"	865248536340602882",图片展示和支付意愿,15,20,200,15,18,13,10,16
81,***,***,***,***,***,***,"	865248532553146371",个人信息,25-34岁,男,高中毕业或同等学历,全职工作,￥1000000或以上,单身从未结婚,无,"	865248533438144513",其他测试,中立,低质量,低质量,中质量,低质量,高质量,高质量,低质量,中质量,图片1,图片2,图片2,无区别,"	865248534461554690",记忆测试,见过,未见过,未见过,未见过,未见过,未见过,未见过,未见过,见过,见过,见过,见过,见过,未见过,见过,见过,"	865248535963115521",支付意愿评估,40,20,15,10,"	865248536340602882",图片展示和支付意愿,10,30,15,10,15,10,10,10
82,***,***,***,***,***,***,"	865248532553146371",个人信息,18-24岁,男,学士学位,学生,￥50000到￥100000,单身从未结婚,无,"	865248533438144513",其他测试,中立,中质量,低质量,中质量,中质量,高质量,中质量,中质量,高质量,图片2,图片2,图片1,图片2,"	865248534461554690",记忆测试,见过,未见过,未见过,见过,未见过,见过,未见过,未见过,见过,见过,见过,见过,见过,未见过,见过,见过,"	865248535963115521",支付意愿评估,44,26,32,21,"	865248536340602882",图片展示和支付意愿,10,20,30,5,35,10,20,8
83,***,***,***,***,***,***,"	865248532553146371",个人信息,18-24岁,男,学士学位,兼职工作,￥50000到￥100000,单身从未结婚,无,"	865248533438144513",其他测试,正面,中质量,中质量,高质量,中质量,高质量,高质量,中质量,高质量,图片2,图片2,图片2,图片2,"	865248534461554690",记忆测试,见过,见过,见过,见过,见过,见过,见过,见过,见过,见过,见过,见过,见过,见过,见过,见过,"	865248535963115521",支付意愿评估,41,37,40,39,"	865248536340602882",图片展示和支付意愿,20,27,26,28,38,27,27,30
84,***,***,***,***,***,***,"	865248532553146371",个人信息,-999,-999,-999,-999,-999,-999,-999,"	865248533438144513",其他测试,-999,-999,-999,-999,-999,-999,-999,-999,-999,-999,-999,-999,-999,"	865248534461554690",记忆测试,-999,-999,-999,-999,-999,-999,-999,-999,-999,-999,-999,-999,-999,-999,-999,-999,"	865248535963115521",支付意愿评估,-999,-999,-999,-999,"	865248536340602882",图片展示和支付意愿,-999,-999,-999,-999,-999,-999,-999,-999
85,***,***,***,***,***,***,"	865248532553146371",个人信息,18-24岁,男,学士学位,兼职工作,￥100000到￥200000,已婚,2个,"	865248533438144513",其他测试,中立,中质量,高质量,中质量,高质量,中质量,中质量,高质量,中质量,图片1,图片2,无区别,无区别,"	865248534461554690",记忆测试,见过,未见过,未见过,见过,未见过,见过,未见过,未见过,未见过,见过,未见过,见过,未见过,见过,见过,见过,"	865248535963115521",支付意愿评估,38,41,25,28,"	865248536340602882",图片展示和支付意愿,30,30,20,10,30,50,20,10
86,***,***,***,***,***,***,"	865248532553146371",个人信息,25-34岁,女,学士学位,全职工作,￥100000到￥200000,已婚,1个,"	865248533438144513",其他测试,非常正面,高质量,低质量,中质量,低质量,高质量,高质量,中质量,高质量,图片2,图片2,图片2,图片2,"	865248534461554690",记忆测试,见过,未见过,未见过,未见过,未见过,未见过,未见过,未见过,见过,见过,见过,见过,见过,未见过,见过,见过,"	865248535963115521",支付意愿评估,31,22,17,23,"	865248536340602882",图片展示和支付意愿,15,20,25,15,18,18,20,15
87,***,***,***,***,***,***,"	865248532553146371",个人信息,35-44岁,女,学士学位,全职工作,￥100000到￥200000,已婚,1个,"	865248533438144513",其他测试,正面,高质量,中质量,中质量,中质量,高质量,高质量,中质量,高质量,图片2,图片1,图片2,图片1,"	865248534461554690",记忆测试,见过,未见过,未见过,未见过,未见过,见过,未见过,未见过,见过,见过,见过,见过,见过,未见过,见过,见过,"	865248535963115521",支付意愿评估,20,11,15,15,"	865248536340602882",图片展示和支付意愿,15,12,20,15,17,15,10,10
88,***,***,***,***,***,***,"	865248532553146371",个人信息,18-24岁,男,学士学位,学生,￥50000到￥100000,单身从未结婚,无,"	865248533438144513",其他测试,中立,中质量,高质量,中质量,高质量,中质量,高质量,低质量,低质量,图片1,图片2,图片2,图片2,"	865248534461554690",记忆测试,未见过,未见过,未见过,见过,未见过,见过,未见过,见过,见过,见过,未见过,见过,见过,未见过,见过,见过,"	865248535963115521",支付意愿评估,36,17,25,18,"	865248536340602882",图片展示和支付意愿,20,35,10,30,20,35,20,10
89,***,***,***,***,***,***,"	865248532553146371",个人信息,-999,-999,-999,-999,-999,-999,-999,"	865248533438144513",其他测试,-999,-999,-999,-999,-999,-999,-999,-999,-999,-999,-999,-999,-999,"	865248534461554690",记忆测试,-999,-999,-999,-999,-999,-999,-999,-999,-999,-999,-999,-999,-999,-999,-999,-999,"	865248535963115521",支付意愿评估,23,19,18,20,"	865248536340602882",图片展示和支付意愿,20,20,15,15,20,15,15,10
90,***,***,***,***,***,***,"	865248532553146371",个人信息,25-34岁,男,学士学位,全职工作,￥500000到￥1000000,单身从未结婚,无,"	865248533438144513",其他测试,正面,中质量,高质量,中质量,中质量,中质量,高质量,低质量,高质量,图片1,图片1,无区别,图片2,"	865248534461554690",记忆测试,见过,未见过,未见过,见过,未见过,未见过,见过,未见过,见过,见过,见过,见过,见过,未见过,见过,见过,"	865248535963115521",支付意愿评估,39,27,31,29,"	865248536340602882",图片展示和支付意愿,30,25,25,15,15,20,15,10
91,***,***,***,***,***,***,"	865248532553146371",个人信息,35-44岁,女,高中毕业或同等学历,全职工作,￥100000到￥200000,已婚,2个,"	865248533438144513",其他测试,非常正面,高质量,低质量,中质量,低质量,高质量,高质量,高质量,中质量,图片2,图片2,图片2,图片2,"	865248534461554690",记忆测试,见过,见过,未见过,见过,见过,未见过,见过,见过,未见过,见过,见过,见过,见过,见过,见过,未见过,"	865248535963115521",支付意愿评估,10,10,10,12,"	865248536340602882",图片展示和支付意愿,10,20,12,10,12,10,15,10
92,***,***,***,***,***,***,"	865248532553146371",个人信息,25-34岁,女,高中毕业或同等学历,全职工作,￥50000到￥100000,单身从未结婚,无,"	865248533438144513",其他测试,负面,低质量,中质量,低质量,低质量,高质量,中质量,中质量,高质量,图片2,图片2,图片1,无区别,"	865248534461554690",记忆测试,见过,见过,未见过,未见过,见过,见过,见过,见过,见过,见过,未见过,未见过,见过,未见过,未见过,未见过,"	865248535963115521",支付意愿评估,25,24,15,10,"	865248536340602882",图片展示和支付意愿,30,20,25,10,15,15,40,20
93,***,***,***,***,***,***,"	865248532553146371",个人信息,25-34岁,男,学士学位,全职工作,￥100000到￥200000,单身从未结婚,无,"	865248533438144513",其他测试,中立,低质量,中质量,中质量,中质量,中质量,高质量,高质量,中质量,图片1,图片1,图片2,图片1,"	865248534461554690",记忆测试,未见过,未见过,见过,未见过,未见过,见过,未见过,未见过,见过,见过,见过,见过,见过,未见过,见过,见过,"	865248535963115521",支付意愿评估,43,20,16,20,"	865248536340602882",图片展示和支付意愿,20,32,32,28,26,32,20,25
94,***,***,***,***,***,***,"	865248532553146371",个人信息,25-34岁,男,高中毕业或同等学历,自由职业,￥100000到￥200000,单身从未结婚,无,"	865248533438144513",其他测试,正面,中质量,高质量,高质量,低质量,中质量,高质量,中质量,低质量,图片1,图片1,图片2,无区别,"	865248534461554690",记忆测试,未见过,见过,见过,未见过,未见过,见过,见过,见过,见过,见过,见过,未见过,见过,未见过,未见过,见过,"	865248535963115521",支付意愿评估,50,27,17,17,"	865248536340602882",图片展示和支付意愿,10,15,25,30,30,45,10,20
95,***,***,***,***,***,***,"	865248532553146371",个人信息,18-24岁,男,学士学位,学生,￥50000到￥100000,单身从未结婚,无,"	865248533438144513",其他测试,中立,中质量,低质量,中质量,低质量,高质量,高质量,中质量,中质量,图片1,图片2,图片2,图片2,"	865248534461554690",记忆测试,见过,未见过,见过,未见过,未见过,见过,见过,见过,见过,见过,见过,见过,见过,见过,见过,见过,"	865248535963115521",支付意愿评估,20,12,11,11,"	865248536340602882",图片展示和支付意愿,12,25,11,15,22,14,24,18
96,***,***,***,***,***,***,"	865248532553146371",个人信息,25-34岁,女,高中毕业或同等学历,全职工作,￥50000到￥100000,已婚,2个,"	865248533438144513",其他测试,中立,中质量,低质量,中质量,低质量,高质量,中质量,中质量,高质量,图片2,图片2,图片2,图片2,"	865248534461554690",记忆测试,见过,未见过,未见过,未见过,未见过,未见过,未见过,未见过,见过,见过,见过,见过,见过,未见过,见过,见过,"	865248535963115521",支付意愿评估,49,25,18,27,"	865248536340602882",图片展示和支付意愿,30,50,50,20,20,10,26,15
97,***,***,***,***,***,***,"	865248532553146371",个人信息,25-34岁,女,高中毕业或同等学历,自由职业,￥100000到￥200000,已婚,1个,"	865248533438144513",其他测试,非常正面,中质量,低质量,低质量,低质量,中质量,中质量,低质量,低质量,图片2,图片2,图片2,图片2,"	865248534461554690",记忆测试,见过,未见过,未见过,见过,未见过,未见过,未见过,未见过,见过,见过,见过,见过,见过,未见过,见过,见过,"	865248535963115521",支付意愿评估,25,10,12,15,"	865248536340602882",图片展示和支付意愿,20,15,18,15,20,15,25,12
98,***,***,***,***,***,***,"	865248532553146371",个人信息,25-34岁,男,学士学位,全职工作,￥200000到￥500000,单身从未结婚,无,"	865248533438144513",其他测试,正面,低质量,中质量,高质量,中质量,高质量,中质量,中质量,高质量,图片2,图片2,图片2,无区别,"	865248534461554690",记忆测试,见过,未见过,见过,见过,未见过,见过,见过,见过,见过,见过,见过,未见过,见过,未见过,见过,见过,"	865248535963115521",支付意愿评估,21,17,21,18,"	865248536340602882",图片展示和支付意愿,30,20,15,20,10,25,15,15
99,***,***,***,***,***,***,"	865248532553146371",个人信息,18-24岁,女,学士学位,学生,￥200000到￥500000,单身从未结婚,无,"	865248533438144513",其他测试,非常正面,中质量,中质量,中质量,低质量,高质量,高质量,低质量,低质量,图片1,图片2,图片2,图片2,"	865248534461554690",记忆测试,见过,未见过,未见过,未见过,未见过,未见过,未见过,未见过,见过,见过,见过,见过,见过,未见过,见过,见过,"	865248535963115521",支付意愿评估,50,19,25,35,"	865248536340602882",图片展示和支付意愿,35,28,35,22,35,32,18,15
100,***,***,***,***,***,***,"	865248532553146371",个人信息,-999,-999,-999,-999,-999,-999,-999,"	865248533438144513",其他测试,-999,-999,-999,-999,-999,-999,-999,-999,-999,-999,-999,-999,-999,"	865248534461554690",记忆测试,-999,-999,-999,-999,-999,-999,-999,-999,-999,-999,-999,-999,-999,-999,-999,-999,"	865248535963115521",支付意愿评估,40,32,30,20,"	865248536340602882",图片展示和支付意愿,-999,-999,-999,-999,-999,-999,-999,-999
101,***,***,***,***,***,***,"	865248532553146371",个人信息,18-24岁,女,高中毕业或同等学历,学生,￥50000到￥100000,单身从未结婚,无,"	865248533438144513",其他测试,正面,中质量,低质量,低质量,中质量,高质量,高质量,低质量,中质量,图片2,图片2,图片2,图片2,"	865248534461554690",记忆测试,见过,未见过,未见过,未见过,未见过,未见过,未见过,未见过,见过,见过,见过,见过,见过,未见过,见过,见过,"	865248535963115521",支付意愿评估,20,30,25,20,"	865248536340602882",图片展示和支付意愿,40,20,30,20,30,20,30,15
102,***,***,***,***,***,***,"	865248532553146371",个人信息,18-24岁,女,学士学位,自由职业,￥500000到￥1000000,已婚,3个,"	865248533438144513",其他测试,正面,高质量,高质量,低质量,高质量,低质量,低质量,低质量,低质量,无区别,图片1,图片1,图片2,"	865248534461554690",记忆测试,见过,未见过,见过,见过,未见过,未见过,未见过,见过,见过,未见过,未见过,未见过,未见过,未见过,未见过,未见过,"	865248535963115521",支付意愿评估,32,28,25,29,"	865248536340602882",图片展示和支付意愿,10,20,50,40,25,50,10,50
103,***,***,***,***,***,***,"	865248532553146371",个人信息,25-34岁,女,高中以下,全职工作,￥50000到￥100000,已婚,1个,"	865248533438144513",其他测试,正面,中质量,中质量,高质量,中质量,高质量,中质量,中质量,高质量,图片2,图片1,图片1,图片2,"	865248534461554690",记忆测试,见过,见过,见过,未见过,见过,见过,见过,见过,见过,见过,见过,见过,见过,未见过,未见过,未见过,"	865248535963115521",支付意愿评估,38,26,34,41,"	865248536340602882",图片展示和支付意愿,30,20,40,25,20,30,10,15
104,***,***,***,***,***,***,"	865248532553146371",个人信息,18-24岁,女,高中毕业或同等学历,学生,少于￥50000,单身从未结婚,无,"	865248533438144513",其他测试,非常正面,中质量,低质量,中质量,低质量,中质量,低质量,中质量,中质量,图片2,图片1,无区别,无区别,"	865248534461554690",记忆测试,见过,未见过,见过,未见过,见过,见过,见过,见过,见过,见过,见过,未见过,见过,未见过,未见过,见过,"	865248535963115521",支付意愿评估,25,14,15,10,"	865248536340602882",图片展示和支付意愿,15,10,25,10,15,10,17,22
105,***,***,***,***,***,***,"	865248532553146371",个人信息,25-34岁,男,高中毕业或同等学历,全职工作,￥50000到￥100000,已婚,2个,"	865248533438144513",其他测试,中立,中质量,低质量,中质量,低质量,高质量,中质量,中质量,高质量,图片2,图片2,图片2,图片2,"	865248534461554690",记忆测试,见过,未见过,未见过,未见过,未见过,见过,未见过,未见过,见过,见过,见过,见过,见过,未见过,见过,见过,"	865248535963115521",支付意愿评估,25,30,40,15,"	865248536340602882",图片展示和支付意愿,20,15,30,20,30,20,35,25
106,***,***,***,***,***,***,"	865248532553146371",个人信息,25-34岁,男,学士学位,全职工作,￥200000到￥500000,单身从未结婚,无,"	865248533438144513",其他测试,中立,中质量,低质量,高质量,低质量,中质量,中质量,低质量,低质量,图片1,图片2,图片2,图片2,"	865248534461554690",记忆测试,见过,未见过,未见过,未见过,未见过,未见过,未见过,未见过,见过,见过,见过,见过,见过,未见过,见过,见过,"	865248535963115521",支付意愿评估,15,19,15,35,"	865248536340602882",图片展示和支付意愿,20,25,20,10,25,10,15,10
107,***,***,***,***,***,***,"	865248532553146371",个人信息,18-24岁,女,高中毕业或同等学历,自由职业,￥50000到￥100000,单身从未结婚,无,"	865248533438144513",其他测试,正面,中质量,中质量,高质量,中质量,低质量,中质量,中质量,中质量,图片1,无区别,图片2,无区别,"	865248534461554690",记忆测试,见过,见过,见过,见过,未见过,未见过,见过,未见过,见过,见过,见过,未见过,见过,未见过,见过,未见过,"	865248535963115521",支付意愿评估,24,32,32,30,"	865248536340602882",图片展示和支付意愿,20,40,5,10,20,25,10,10
108,***,***,***,***,***,***,"	865248532553146371",个人信息,25-34岁,女,高中毕业或同等学历,全职工作,￥100000到￥200000,单身从未结婚,无,"	865248533438144513",其他测试,正面,中质量,高质量,中质量,低质量,低质量,高质量,高质量,高质量,图片1,图片1,图片2,图片2,"	865248534461554690",记忆测试,见过,未见过,见过,见过,见过,见过,见过,见过,见过,见过,见过,未见过,未见过,未见过,见过,见过,"	865248535963115521",支付意愿评估,48,16,13,10,"	865248536340602882",图片展示和支付意愿,10,15,12,15,15,20,16,15
109,***,***,***,***,***,***,"	865248532553146371",个人信息,25-34岁,男,学士学位,学生,￥500000到￥1000000,单身从未结婚,无,"	865248533438144513",其他测试,中立,中质量,低质量,中质量,中质量,中质量,高质量,中质量,中质量,图片2,图片2,图片2,无区别,"	865248534461554690",记忆测试,见过,见过,见过,见过,见过,见过,见过,见过,见过,见过,见过,见过,见过,见过,见过,未见过,"	865248535963115521",支付意愿评估,50,50,24,50,"	865248536340602882",图片展示和支付意愿,30,20,25,10,20,25,15,15
110,***,***,***,***,***,***,"	865248532553146371",个人信息,25-34岁,男,学士学位,全职工作,￥100000到￥200000,单身从未结婚,无,"	865248533438144513",其他测试,中立,中质量,低质量,高质量,低质量,中质量,中质量,低质量,中质量,图片1,图片2,图片2,图片2,"	865248534461554690",记忆测试,见过,未见过,未见过,未见过,未见过,未见过,未见过,未见过,见过,见过,见过,见过,见过,未见过,见过,见过,"	865248535963115521",支付意愿评估,25,25,15,40,"	865248536340602882",图片展示和支付意愿,10,20,20,10,20,10,25,10
111,***,***,***,***,***,***,"	865248532553146371",个人信息,25-34岁,男,学士学位,全职工作,￥100000到￥200000,单身从未结婚,无,"	865248533438144513",其他测试,中立,低质量,低质量,低质量,低质量,中质量,低质量,高质量,中质量,图片1,图片2,图片1,无区别,"	865248534461554690",记忆测试,见过,未见过,见过,见过,见过,见过,未见过,见过,见过,见过,见过,见过,见过,未见过,未见过,见过,"	865248535963115521",支付意愿评估,28,21,36,28,"	865248536340602882",图片展示和支付意愿,26,30,35,15,15,26,22,18
112,***,***,***,***,***,***,"	865248532553146371",个人信息,18-24岁,男,学士学位,学生,￥50000到￥100000,单身从未结婚,无,"	865248533438144513",其他测试,中立,中质量,低质量,高质量,低质量,中质量,高质量,高质量,高质量,图片2,图片2,图片1,图片2,"	865248534461554690",记忆测试,未见过,未见过,未见过,未见过,未见过,未见过,未见过,未见过,见过,见过,见过,见过,见过,未见过,见过,见过,"	865248535963115521",支付意愿评估,21,17,15,18,"	865248536340602882",图片展示和支付意愿,35,20,20,10,10,25,10,5
113,***,***,***,***,***,***,"	865248532553146371",个人信息,-999,-999,-999,-999,-999,-999,-999,"	865248533438144513",其他测试,-999,-999,-999,-999,-999,-999,-999,-999,-999,-999,-999,-999,-999,"	865248534461554690",记忆测试,-999,-999,-999,-999,-999,-999,-999,-999,-999,-999,-999,-999,-999,-999,-999,-999,"	865248535963115521",支付意愿评估,-999,-999,-999,-999,"	865248536340602882",图片展示和支付意愿,-999,-999,-999,-999,-999,-999,-999,-999
114,***,***,***,***,***,***,"	865248532553146371",个人信息,-999,-999,-999,-999,-999,-999,-999,"	865248533438144513",其他测试,-999,-999,-999,-999,-999,-999,-999,-999,-999,-999,-999,-999,-999,"	865248534461554690",记忆测试,-999,-999,-999,-999,-999,-999,-999,-999,-999,-999,-999,-999,-999,-999,-999,-999,"	865248535963115521",支付意愿评估,-999,-999,-999,-999,"	865248536340602882",图片展示和支付意愿,-999,-999,-999,-999,-999,-999,-999,-999
115,***,***,***,***,***,***,"	865248532553146371",个人信息,18-24岁,女,高中毕业或同等学历,学生,￥100000到￥200000,单身从未结婚,无,"	865248533438144513",其他测试,正面,中质量,低质量,高质量,低质量,中质量,中质量,中质量,高质量,无区别,图片2,图片2,图片2,"	865248534461554690",记忆测试,见过,未见过,未见过,未见过,未见过,未见过,未见过,未见过,见过,见过,见过,见过,见过,未见过,见过,见过,"	865248535963115521",支付意愿评估,35,25,18,38,"	865248536340602882",图片展示和支付意愿,30,35,35,20,30,40,10,5
116,***,***,***,***,***,***,"	865248532553146371",个人信息,25-34岁,男,学士学位,全职工作,￥200000到￥500000,单身从未结婚,无,"	865248533438144513",其他测试,非常正面,高质量,高质量,中质量,中质量,高质量,高质量,高质量,中质量,图片2,图片2,图片2,图片2,"	865248534461554690",记忆测试,见过,见过,见过,见过,见过,见过,见过,见过,见过,见过,见过,见过,见过,见过,见过,见过,"	865248535963115521",支付意愿评估,25,20,24,15,"	865248536340602882",图片展示和支付意愿,20,15,20,20,20,30,25,20
117,***,***,***,***,***,***,"	865248532553146371",个人信息,25-34岁,男,高中以下,全职工作,￥50000到￥100000,已婚,3个,"	865248533438144513",其他测试,中立,低质量,低质量,中质量,低质量,中质量,中质量,中质量,低质量,无区别,图片2,图片2,无区别,"	865248534461554690",记忆测试,见过,未见过,未见过,未见过,未见过,未见过,未见过,未见过,见过,见过,见过,见过,见过,未见过,见过,见过,"	865248535963115521",支付意愿评估,10,10,10,15,"	865248536340602882",图片展示和支付意愿,10,10,12,10,15,20,10,10
118,***,***,***,***,***,***,"	865248532553146371",个人信息,-999,-999,-999,-999,-999,-999,-999,"	865248533438144513",其他测试,-999,-999,-999,-999,-999,-999,-999,-999,-999,-999,-999,-999,-999,"	865248534461554690",记忆测试,-999,-999,-999,-999,-999,-999,-999,-999,-999,-999,-999,-999,-999,-999,-999,-999,"	865248535963115521",支付意愿评估,40,20,30,25,"	865248536340602882",图片展示和支付意愿,30,20,35,10,20,35,20,10
119,***,***,***,***,***,***,"	865248532553146371",个人信息,25-34岁,女,学士学位,全职工作,￥100000到￥200000,单身从未结婚,无,"	865248533438144513",其他测试,中立,中质量,中质量,中质量,低质量,低质量,中质量,中质量,中质量,图片1,图片2,图片1,图片2,"	865248534461554690",记忆测试,未见过,未见过,未见过,未见过,未见过,未见过,未见过,未见过,未见过,见过,未见过,未见过,未见过,未见过,未见过,见过,"	865248535963115521",支付意愿评估,50,20,50,50,"	865248536340602882",图片展示和支付意愿,30,50,40,20,30,50,20,10
120,***,***,***,***,***,***,"	865248532553146371",个人信息,35-44岁,男,学士学位,全职工作,￥100000到￥200000,已婚,1个,"	865248533438144513",其他测试,中立,中质量,低质量,低质量,中质量,高质量,低质量,低质量,中质量,图片2,图片2,图片2,图片2,"	865248534461554690",记忆测试,见过,见过,未见过,见过,见过,见过,见过,未见过,未见过,见过,未见过,见过,见过,见过,见过,见过,"	865248535963115521",支付意愿评估,15,10,15,10,"	865248536340602882",图片展示和支付意愿,15,10,10,10,12,10,10,10
121,***,***,***,***,***,***,"	865248532553146371",个人信息,18-24岁,男,学士学位,学生,少于￥50000,单身从未结婚,无,"	865248533438144513",其他测试,非常正面,中质量,低质量,中质量,低质量,低质量,中质量,高质量,高质量,无区别,图片2,图片2,图片1,"	865248534461554690",记忆测试,见过,见过,见过,见过,见过,见过,见过,见过,见过,见过,见过,见过,见过,见过,见过,见过,"	865248535963115521",支付意愿评估,50,19,30,50,"	865248536340602882",图片展示和支付意愿,30,50,25,20,30,20,20,20
122,***,***,***,***,***,***,"	865248532553146371",个人信息,18-24岁,男,学士学位,全职工作,少于￥50000,单身从未结婚,无,"	865248533438144513",其他测试,正面,低质量,低质量,中质量,低质量,高质量,中质量,高质量,低质量,图片2,图片2,图片1,无区别,"	865248534461554690",记忆测试,见过,见过,未见过,未见过,见过,见过,见过,未见过,见过,见过,未见过,未见过,见过,未见过,见过,未见过,"	865248535963115521",支付意愿评估,36,19,13,20,"	865248536340602882",图片展示和支付意愿,35,25,50,10,20,35,10,10
123,***,***,***,***,***,***,"	865248532553146371",个人信息,-999,-999,-999,-999,-999,-999,-999,"	865248533438144513",其他测试,-999,-999,-999,-999,-999,-999,-999,-999,-999,-999,-999,-999,-999,"	865248534461554690",记忆测试,-999,-999,-999,-999,-999,-999,-999,-999,-999,-999,-999,-999,-999,-999,-999,-999,"	865248535963115521",支付意愿评估,-999,-999,-999,-999,"	865248536340602882",图片展示和支付意愿,-999,-999,-999,-999,-999,-999,-999,-999
124,***,***,***,***,***,***,"	865248532553146371",个人信息,18-24岁,男,高中以下,全职工作,少于￥50000,单身从未结婚,无,"	865248533438144513",其他测试,中立,低质量,高质量,低质量,中质量,中质量,高质量,低质量,低质量,无区别,图片1,图片2,图片2,"	865248534461554690",记忆测试,未见过,见过,见过,未见过,见过,未见过,见过,未见过,未见过,见过,未见过,见过,未见过,见过,见过,未见过,"	865248535963115521",支付意愿评估,40,10,12,10,"	865248536340602882",图片展示和支付意愿,20,30,20,20,20,10,10,10
125,***,***,***,***,***,***,"	865248532553146371",个人信息,25-34岁,男,高中毕业或同等学历,全职工作,￥100000到￥200000,单身从未结婚,无,"	865248533438144513",其他测试,正面,中质量,中质量,低质量,低质量,中质量,高质量,高质量,低质量,无区别,图片2,图片2,无区别,"	865248534461554690",记忆测试,见过,见过,未见过,未见过,未见过,见过,未见过,未见过,见过,见过,见过,见过,见过,未见过,见过,见过,"	865248535963115521",支付意愿评估,20,10,10,18,"	865248536340602882",图片展示和支付意愿,16,12,18,10,14,10,10,10
126,***,***,***,***,***,***,"	865248532553146371",个人信息,25-34岁,男,学士学位,全职工作,￥100000到￥200000,单身从未结婚,无,"	865248533438144513",其他测试,中立,中质量,低质量,中质量,低质量,高质量,高质量,高质量,中质量,图片2,图片2,图片1,图片2,"	865248534461554690",记忆测试,见过,见过,见过,见过,见过,见过,见过,未见过,未见过,见过,见过,见过,见过,未见过,见过,未见过,"	865248535963115521",支付意愿评估,35,21,35,35,"	865248536340602882",图片展示和支付意愿,30,25,40,10,20,35,20,10
127,***,***,***,***,***,***,"	865248532553146371",个人信息,-999,-999,-999,-999,-999,-999,-999,"	865248533438144513",其他测试,-999,-999,-999,-999,-999,-999,-999,-999,-999,-999,-999,-999,-999,"	865248534461554690",记忆测试,-999,-999,-999,-999,-999,-999,-999,-999,-999,-999,-999,-999,-999,-999,-999,-999,"	865248535963115521",支付意愿评估,10,10,10,15,"	865248536340602882",图片展示和支付意愿,13,10,20,17,12,15,20,13
128,***,***,***,***,***,***,"	865248532553146371",个人信息,18-24岁,女,硕士学位,学生,少于￥50000,单身从未结婚,无,"	865248533438144513",其他测试,中立,低质量,低质量,中质量,低质量,中质量,中质量,低质量,中质量,图片1,图片2,图片2,无区别,"	865248534461554690",记忆测试,见过,未见过,未见过,未见过,未见过,未见过,未见过,未见过,见过,见过,见过,见过,见过,未见过,见过,见过,"	865248535963115521",支付意愿评估,50,25,10,10,"	865248536340602882",图片展示和支付意愿,10,15,12,10,15,10,15,10
129,***,***,***,***,***,***,"	865248532553146371",个人信息,25-34岁,女,学士学位,失业,￥500000到￥1000000,已婚,1个,"	865248533438144513",其他测试,中立,低质量,中质量,中质量,低质量,低质量,低质量,中质量,中质量,图片1,无区别,图片1,无区别,"	865248534461554690",记忆测试,见过,未见过,见过,见过,见过,见过,见过,见过,见过,见过,未见过,未见过,见过,未见过,见过,未见过,"	865248535963115521",支付意愿评估,36,10,16,25,"	865248536340602882",图片展示和支付意愿,10,20,15,10,10,15,10,10
130,***,***,***,***,***,***,"	865248532553146371",个人信息,-999,-999,-999,-999,-999,-999,-999,"	865248533438144513",其他测试,-999,-999,-999,-999,-999,-999,-999,-999,-999,-999,-999,-999,-999,"	865248534461554690",记忆测试,-999,-999,-999,-999,-999,-999,-999,-999,-999,-999,-999,-999,-999,-999,-999,-999,"	865248535963115521",支付意愿评估,50,20,26,24,"	865248536340602882",图片展示和支付意愿,-999,-999,-999,-999,-999,-999,-999,-999
131,***,***,***,***,***,***,"	865248532553146371",个人信息,25-34岁,男,学士学位,全职工作,少于￥50000,单身从未结婚,无,"	865248533438144513",其他测试,中立,低质量,低质量,低质量,高质量,高质量,高质量,低质量,低质量,无区别,图片2,图片2,无区别,"	865248534461554690",记忆测试,见过,未见过,见过,见过,见过,未见过,见过,未见过,见过,见过,见过,未见过,见过,未见过,见过,见过,"	865248535963115521",支付意愿评估,12,10,10,10,"	865248536340602882",图片展示和支付意愿,10,10,10,10,12,10,10,10
132,***,***,***,***,***,***,"	865248532553146371",个人信息,18-24岁,男,学士学位,全职工作,￥200000到￥500000,单身从未结婚,无,"	865248533438144513",其他测试,中立,低质量,低质量,中质量,低质量,中质量,中质量,中质量,中质量,图片2,图片2,图片2,无区别,"	865248534461554690",记忆测试,未见过,未见过,见过,见过,见过,见过,见过,未见过,见过,见过,未见过,未见过,见过,未见过,未见过,未见过,"	865248535963115521",支付意愿评估,50,22,22,21,"	865248536340602882",图片展示和支付意愿,30,50,30,5,40,10,10,5
133,***,***,***,***,***,***,"	865248532553146371",个人信息,18-24岁,女,学士学位,学生,￥1000000或以上,单身从未结婚,无,"	865248533438144513",其他测试,中立,低质量,低质量,中质量,低质量,中质量,中质量,中质量,中质量,图片1,图片2,图片2,图片1,"	865248534461554690",记忆测试,见过,未见过,未见过,未见过,未见过,未见过,未见过,未见过,见过,见过,见过,见过,见过,未见过,见过,见过,"	865248535963115521",支付意愿评估,50,20,30,50,"	865248536340602882",图片展示和支付意愿,20,40,40,25,10,10,30,20
134,***,***,***,***,***,***,"	865248532553146371",个人信息,25-34岁,男,高中毕业或同等学历,全职工作,少于￥50000,单身从未结婚,无,"	865248533438144513",其他测试,正面,中质量,中质量,中质量,中质量,中质量,中质量,中质量,中质量,图片2,图片2,图片2,图片2,"	865248534461554690",记忆测试,见过,未见过,未见过,未见过,未见过,未见过,未见过,未见过,未见过,见过,未见过,见过,未见过,未见过,见过,未见过,"	865248535963115521",支付意愿评估,26,32,26,32,"	865248536340602882",图片展示和支付意愿,25,21,44,19,35,14,41,13
135,***,***,***,***,***,***,"	865248532553146371",个人信息,35-44岁,女,硕士学位,兼职工作,￥100000到￥200000,已婚,1个,"	865248533438144513",其他测试,正面,中质量,低质量,低质量,中质量,低质量,低质量,低质量,低质量,无区别,图片1,图片1,图片2,"	865248534461554690",记忆测试,见过,未见过,未见过,未见过,见过,未见过,未见过,见过,未见过,见过,未见过,见过,见过,未见过,见过,未见过,"	865248535963115521",支付意愿评估,26,32,21,29,"	865248536340602882",图片展示和支付意愿,36,24,48,16,48,22,40,18
136,***,***,***,***,***,***,"	865248532553146371",个人信息,25-34岁,男,学士学位,全职工作,￥50000到￥100000,已婚,无,"	865248533438144513",其他测试,正面,中质量,低质量,中质量,中质量,低质量,中质量,中质量,中质量,图片2,图片1,图片1,图片2,"	865248534461554690",记忆测试,见过,未见过,未见过,未见过,未见过,见过,未见过,未见过,未见过,见过,未见过,见过,见过,未见过,未见过,未见过,"	865248535963115521",支付意愿评估,45,47,41,39,"	865248536340602882",图片展示和支付意愿,39,20,48,11,39,30,43,16
137,***,***,***,***,***,***,"	865248532553146371",个人信息,35-44岁,男,高中毕业或同等学历,兼职工作,￥50000到￥100000,已婚,2个,"	865248533438144513",其他测试,非常正面,中质量,中质量,中质量,中质量,中质量,中质量,中质量,中质量,图片2,图片1,无区别,无区别,"	865248534461554690",记忆测试,见过,未见过,未见过,未见过,未见过,未见过,未见过,未见过,未见过,见过,未见过,见过,见过,见过,见过,未见过,"	865248535963115521",支付意愿评估,36,41,47,41,"	865248536340602882",图片展示和支付意愿,18,18,40,15,24,24,41,20
138,***,***,***,***,***,***,"	865248532553146371",个人信息,35-44岁,女,学士学位,兼职工作,￥100000到￥200000,已婚,2个,"	865248533438144513",其他测试,中立,低质量,低质量,低质量,低质量,低质量,低质量,低质量,低质量,图片2,图片2,图片2,图片2,"	865248534461554690",记忆测试,见过,未见过,未见过,见过,未见过,未见过,未见过,未见过,未见过,见过,未见过,未见过,见过,未见过,见过,未见过,"	865248535963115521",支付意愿评估,32,43,40,37,"	865248536340602882",图片展示和支付意愿,43,17,25,19,47,19,42,13
139,***,***,***,***,***,***,"	865248532553146371",个人信息,45-54岁,女,学士学位,兼职工作,￥100000到￥200000,已婚,1个,"	865248533438144513",其他测试,中立,中质量,低质量,中质量,中质量,低质量,中质量,中质量,中质量,无区别,图片2,图片2,图片2,"	865248534461554690",记忆测试,见过,未见过,未见过,未见过,未见过,未见过,未见过,未见过,未见过,见过,未见过,见过,见过,未见过,见过,见过,"	865248535963115521",支付意愿评估,36,43,47,49,"	865248536340602882",图片展示和支付意愿,41,21,41,10,36,24,43,36
140,***,***,***,***,***,***,"	865248532553146371",个人信息,18-24岁,女,高中毕业或同等学历,自由职业,￥50000到￥100000,已婚,2个,"	865248533438144513",其他测试,正面,中质量,中质量,中质量,中质量,中质量,中质量,中质量,中质量,无区别,图片1,图片2,无区别,"	865248534461554690",记忆测试,见过,未见过,未见过,未见过,未见过,见过,未见过,未见过,未见过,见过,见过,见过,见过,未见过,见过,未见过,"	865248535963115521",支付意愿评估,44,49,44,44,"	865248536340602882",图片展示和支付意愿,42,24,45,19,42,15,40,19
141,***,***,***,***,***,***,"	865248532553146371",个人信息,35-44岁,女,高中毕业或同等学历,全职工作,￥100000到￥200000,已婚,1个,"	865248533438144513",其他测试,正面,低质量,低质量,低质量,低质量,低质量,低质量,低质量,低质量,图片1,无区别,图片2,图片2,"	865248534461554690",记忆测试,见过,未见过,未见过,未见过,见过,未见过,未见过,未见过,未见过,见过,未见过,见过,见过,未见过,见过,未见过,"	865248535963115521",支付意愿评估,41,41,45,42,"	865248536340602882",图片展示和支付意愿,36,24,27,18,37,19,41,14
142,***,***,***,***,***,***,"	865248532553146371",个人信息,35-44岁,男,硕士学位,全职工作,￥200000到￥500000,已婚,2个,"	865248533438144513",其他测试,中立,中质量,低质量,中质量,中质量,低质量,中质量,中质量,中质量,图片2,图片2,无区别,无区别,"	865248534461554690",记忆测试,见过,未见过,未见过,未见过,未见过,未见过,见过,未见过,未见过,见过,未见过,见过,见过,未见过,见过,未见过,"	865248535963115521",支付意愿评估,42,47,45,43,"	865248536340602882",图片展示和支付意愿,44,12,48,12,49,20,42,19
143,***,***,***,***,***,***,"	865248532553146371",个人信息,25-34岁,女,高中以下,全职工作,少于￥50000,单身从未结婚,无,"	865248533438144513",其他测试,中立,中质量,中质量,中质量,中质量,中质量,中质量,中质量,中质量,无区别,图片2,图片2,图片2,"	865248534461554690",记忆测试,见过,未见过,未见过,未见过,未见过,未见过,未见过,未见过,未见过,见过,未见过,见过,见过,未见过,见过,未见过,"	865248535963115521",支付意愿评估,35,38,47,45,"	865248536340602882",图片展示和支付意愿,36,12,40,16,40,15,40,13
144,***,***,***,***,***,***,"	865248532553146371",个人信息,25-34岁,男,学士学位,全职工作,￥200000到￥500000,单身从未结婚,无,"	865248533438144513",其他测试,中立,中质量,低质量,低质量,中质量,低质量,低质量,低质量,低质量,图片1,图片2,图片1,无区别,"	865248534461554690",记忆测试,见过,未见过,未见过,未见过,未见过,未见过,未见过,见过,未见过,见过,未见过,见过,见过,未见过,见过,未见过,"	865248535963115521",支付意愿评估,35,44,45,39,"	865248536340602882",图片展示和支付意愿,38,20,43,13,35,13,46,17
145,***,***,***,***,***,***,"	865248532553146371",个人信息,25-34岁,女,高中毕业或同等学历,兼职工作,￥50000到￥100000,已婚,1个,"	865248533438144513",其他测试,中立,中质量,低质量,中质量,中质量,低质量,中质量,中质量,中质量,图片2,图片2,图片1,图片2,"	865248534461554690",记忆测试,见过,未见过,未见过,未见过,见过,未见过,未见过,未见过,未见过,见过,未见过,见过,见过,未见过,见过,未见过,"	865248535963115521",支付意愿评估,37,41,46,43,"	865248536340602882",图片展示和支付意愿,42,18,45,18,48,23,40,18
146,***,***,***,***,***,***,"	865248532553146371",个人信息,55-64岁,女,高中以下,失业,少于￥50000,分居,2个,"	865248533438144513",其他测试,正面,中质量,中质量,中质量,中质量,中质量,中质量,中质量,中质量,无区别,图片1,图片2,无区别,"	865248534461554690",记忆测试,见过,未见过,未见过,未见过,未见过,未见过,未见过,未见过,见过,见过,未见过,见过,见过,见过,见过,未见过,"	865248535963115521",支付意愿评估,45,48,48,42,"	865248536340602882",图片展示和支付意愿,48,25,34,10,30,24,41,22
147,***,***,***,***,***,***,"	865248532553146371",个人信息,18-24岁,男,高中毕业或同等学历,全职工作,￥50000到￥100000,已婚,3个,"	865248533438144513",其他测试,正面,中质量,低质量,低质量,中质量,低质量,低质量,低质量,低质量,无区别,图片1,无区别,无区别,"	865248534461554690",记忆测试,见过,未见过,未见过,未见过,未见过,未见过,未见过,未见过,未见过,见过,见过,未见过,见过,未见过,见过,见过,"	865248535963115521",支付意愿评估,34,42,40,40,"	865248536340602882",图片展示和支付意愿,47,14,46,14,46,19,46,18
148,***,***,***,***,***,***,"	865248532553146371",个人信息,25-34岁,男,高中毕业或同等学历,全职工作,￥50000到￥100000,已婚,无,"	865248533438144513",其他测试,正面,中质量,低质量,中质量,中质量,低质量,中质量,中质量,中质量,无区别,图片2,图片2,图片2,"	865248534461554690",记忆测试,未见过,未见过,未见过,未见过,未见过,未见过,未见过,未见过,未见过,见过,未见过,见过,见过,未见过,见过,未见过,"	865248535963115521",支付意愿评估,34,40,34,40,"	865248536340602882",图片展示和支付意愿,19,20,47,35,41,19,42,17
149,***,***,***,***,***,***,"	865248532553146371",个人信息,18-24岁,女,高中毕业或同等学历,学生,少于￥50000,单身从未结婚,无,"	865248533438144513",其他测试,非常正面,中质量,中质量,中质量,中质量,中质量,中质量,中质量,中质量,图片2,图片2,图片2,图片2,"	865248534461554690",记忆测试,见过,未见过,未见过,见过,未见过,未见过,未见过,未见过,未见过,见过,未见过,见过,未见过,未见过,见过,未见过,"	865248535963115521",支付意愿评估,40,38,41,37,"	865248536340602882",图片展示和支付意愿,42,21,42,16,46,15,40,35
150,***,***,***,***,***,***,"	865248532553146371",个人信息,18-24岁,女,高中毕业或同等学历,全职工作,少于￥50000,单身从未结婚,无,"	865248533438144513",其他测试,中立,中质量,低质量,低质量,中质量,低质量,低质量,低质量,低质量,无区别,图片2,图片2,无区别,"	865248534461554690",记忆测试,见过,未见过,未见过,未见过,未见过,见过,未见过,未见过,未见过,见过,未见过,见过,见过,未见过,见过,未见过,"	865248535963115521",支付意愿评估,44,38,45,45,"	865248536340602882",图片展示和支付意愿,43,21,49,13,40,14,35,18
151,***,***,***,***,***,***,"	865248532553146371",个人信息,25-34岁,女,学士学位,兼职工作,￥100000到￥200000,离婚,3个,"	865248533438144513",其他测试,非常正面,中质量,低质量,中质量,中质量,低质量,中质量,中质量,中质量,图片2,图片2,图片1,无区别,"	865248534461554690",记忆测试,见过,未见过,未见过,未见过,未见过,未见过,未见过,未见过,未见过,见过,未见过,见过,见过,未见过,见过,未见过,"	865248535963115521",支付意愿评估,40,49,48,44,"	865248536340602882",图片展示和支付意愿,38,20,35,20,40,18,43,10
152,***,***,***,***,***,***,"	865248532553146371",个人信息,25-34岁,女,高中以下,学生,少于￥50000,单身从未结婚,无,"	865248533438144513",其他测试,中立,中质量,低质量,低质量,中质量,低质量,低质量,低质量,低质量,图片2,图片2,图片1,无区别,"	865248534461554690",记忆测试,见过,未见过,未见过,未见过,未见过,未见过,未见过,未见过,未见过,见过,未见过,见过,未见过,未见过,见过,未见过,"	865248535963115521",支付意愿评估,42,41,48,40,"	865248536340602882",图片展示和支付意愿,48,18,44,18,44,12,42,19
153,***,***,***,***,***,***,"	865248532553146371",个人信息,18岁以下,女,高中以下,学生,少于￥50000,单身从未结婚,无,"	865248533438144513",其他测试,中立,低质量,低质量,中质量,低质量,低质量,中质量,中质量,中质量,无区别,无区别,图片2,图片1,"	865248534461554690",记忆测试,见过,未见过,未见过,未见过,见过,未见过,未见过,见过,未见过,见过,未见过,见过,见过,未见过,见过,未见过,"	865248535963115521",支付意愿评估,42,47,45,46,"	865248536340602882",图片展示和支付意愿,43,10,44,19,36,19,49,20
154,***,***,***,***,***,***,"	865248532553146371",个人信息,35-44岁,男,高中毕业或同等学历,全职工作,￥50000到￥100000,已婚,无,"	865248533438144513",其他测试,中立,低质量,低质量,中质量,低质量,低质量,中质量,中质量,中质量,无区别,无区别,图片1,无区别,"	865248534461554690",记忆测试,见过,未见过,未见过,未见过,未见过,未见过,未见过,未见过,未见过,见过,未见过,见过,见过,未见过,见过,未见过,"	865248535963115521",支付意愿评估,45,40,45,44,"	865248536340602882",图片展示和支付意愿,30,23,44,18,44,13,43,15
155,***,***,***,***,***,***,"	865248532553146371",个人信息,18-24岁,男,高中以下,学生,少于￥50000,单身从未结婚,无,"	865248533438144513",其他测试,中立,中质量,低质量,低质量,中质量,低质量,低质量,低质量,低质量,图片2,图片2,图片2,无区别,"	865248534461554690",记忆测试,见过,未见过,未见过,未见过,未见过,未见过,未见过,未见过,未见过,见过,见过,见过,见过,未见过,见过,见过,"	865248535963115521",支付意愿评估,36,45,40,44,"	865248536340602882",图片展示和支付意愿,40,16,42,11,21,18,41,13
156,***,***,***,***,***,***,"	865248532553146371",个人信息,25-34岁,女,学士学位,兼职工作,￥50000到￥100000,已婚,2个,"	865248533438144513",其他测试,中立,中质量,中质量,中质量,中质量,中质量,中质量,中质量,中质量,无区别,图片2,图片2,无区别,"	865248534461554690",记忆测试,见过,未见过,未见过,见过,未见过,未见过,见过,未见过,未见过,见过,未见过,见过,见过,见过,见过,未见过,"	865248535963115521",支付意愿评估,39,42,42,47,"	865248536340602882",图片展示和支付意愿,36,19,44,13,36,22,42,12
157,***,***,***,***,***,***,"	865248532553146371",个人信息,35-44岁,女,学士学位,兼职工作,￥100000到￥200000,已婚,3个,"	865248533438144513",其他测试,中立,低质量,低质量,中质量,低质量,低质量,中质量,中质量,中质量,无区别,无区别,无区别,图片1,"	865248534461554690",记忆测试,见过,未见过,未见过,未见过,未见过,未见过,未见过,未见过,未见过,见过,未见过,见过,见过,未见过,见过,未见过,"	865248535963115521",支付意愿评估,40,46,47,46,"	865248536340602882",图片展示和支付意愿,40,15,43,16,44,20,44,16
158,***,***,***,***,***,***,"	865248532553146371",个人信息,35-44岁,男,高中毕业或同等学历,全职工作,少于￥50000,已婚,无,"	865248533438144513",其他测试,正面,中质量,中质量,中质量,中质量,中质量,中质量,中质量,中质量,图片1,图片2,图片1,图片2,"	865248534461554690",记忆测试,见过,未见过,未见过,未见过,未见过,未见过,未见过,未见过,未见过,未见过,未见过,见过,见过,未见过,见过,未见过,"	865248535963115521",支付意愿评估,42,49,47,48,"	865248536340602882",图片展示和支付意愿,43,19,46,20,35,24,46,16
159,***,***,***,***,***,***,"	865248532553146371",个人信息,18-24岁,女,高中毕业或同等学历,全职工作,￥50000到￥100000,单身从未结婚,无,"	865248533438144513",其他测试,正面,中质量,低质量,低质量,中质量,低质量,低质量,低质量,低质量,图片2,图片2,图片2,图片2,"	865248534461554690",记忆测试,见过,未见过,未见过,未见过,未见过,未见过,见过,未见过,未见过,见过,未见过,见过,见过,未见过,见过,未见过,"	865248535963115521",支付意愿评估,37,39,44,37,"	865248536340602882",图片展示和支付意愿,41,19,48,15,38,22,45,10
160,***,***,***,***,***,***,"	865248532553146371",个人信息,45-54岁,男,高中以下,全职工作,少于￥50000,已婚,3个,"	865248533438144513",其他测试,中立,低质量,低质量,中质量,低质量,低质量,中质量,中质量,中质量,无区别,图片2,图片2,图片1,"	865248534461554690",记忆测试,见过,未见过,未见过,未见过,未见过,未见过,未见过,见过,未见过,见过,未见过,见过,见过,见过,见过,未见过,"	865248535963115521",支付意愿评估,38,42,47,45,"	865248536340602882",图片展示和支付意愿,41,20,47,18,35,15,49,18
161,***,***,***,***,***,***,"	865248532553146371",个人信息,55-64岁,女,高中以下,全职工作,少于￥50000,已婚,1个,"	865248533438144513",其他测试,中立,中质量,中质量,中质量,中质量,中质量,中质量,中质量,中质量,图片2,图片2,无区别,无区别,"	865248534461554690",记忆测试,见过,未见过,未见过,未见过,未见过,未见过,未见过,未见过,未见过,见过,见过,见过,见过,未见过,见过,未见过,"	865248535963115521",支付意愿评估,43,48,44,49,"	865248536340602882",图片展示和支付意愿,49,20,49,15,46,11,45,16
162,***,***,***,***,***,***,"	865248532553146371",个人信息,25-34岁,男,学士学位,全职工作,￥50000到￥100000,已婚,2个,"	865248533438144513",其他测试,中立,中质量,低质量,低质量,中质量,低质量,低质量,低质量,低质量,图片2,图片2,图片1,无区别,"	865248534461554690",记忆测试,见过,未见过,未见过,未见过,见过,未见过,未见过,未见过,见过,见过,见过,见过,见过,未见过,见过,未见过,"	865248535963115521",支付意愿评估,43,47,46,46,"	865248536340602882",图片展示和支付意愿,35,18,49,19,39,17,42,20
163,***,***,***,***,***,***,"	865248532553146371",个人信息,55-64岁,男,高中以下,全职工作,少于￥50000,已婚,3个,"	865248533438144513",其他测试,中立,低质量,低质量,中质量,低质量,低质量,中质量,中质量,中质量,无区别,无区别,图片2,无区别,"	865248534461554690",记忆测试,见过,未见过,未见过,未见过,未见过,未见过,未见过,未见过,未见过,见过,未见过,见过,见过,未见过,见过,未见过,"	865248535963115521",支付意愿评估,44,47,45,49,"	865248536340602882",图片展示和支付意愿,15,17,46,18,35,18,42,11
164,***,***,***,***,***,***,"	865248532553146371",个人信息,45-54岁,女,高中毕业或同等学历,兼职工作,￥50000到￥100000,单身从未结婚,1个,"	865248533438144513",其他测试,正面,中质量,中质量,中质量,中质量,中质量,中质量,中质量,中质量,无区别,图片1,图片2,图片2,"	865248534461554690",记忆测试,见过,未见过,未见过,未见过,未见过,未见过,未见过,未见过,未见过,见过,未见过,见过,见过,见过,未见过,未见过,"	865248535963115521",支付意愿评估,37,37,43,43,"	865248536340602882",图片展示和支付意愿,41,17,31,14,15,12,44,16
165,***,***,***,***,***,***,"	865248532553146371",个人信息,35-44岁,女,学士学位,自由职业,￥200000到￥500000,已婚,2个,"	865248533438144513",其他测试,正面,中质量,低质量,低质量,中质量,低质量,低质量,低质量,低质量,无区别,图片2,图片2,无区别,"	865248534461554690",记忆测试,见过,未见过,未见过,未见过,未见过,见过,未见过,未见过,未见过,见过,未见过,未见过,见过,未见过,见过,未见过,"	865248535963115521",支付意愿评估,42,47,43,47,"	865248536340602882",图片展示和支付意愿,37,14,44,13,35,23,42,20
166,***,***,***,***,***,***,"	865248532553146371",个人信息,25-34岁,男,博士学位,全职工作,￥500000到￥1000000,已婚,无,"	865248533438144513",其他测试,正面,低质量,低质量,中质量,低质量,低质量,中质量,中质量,中质量,图片2,图片2,图片1,图片2,"	865248534461554690",记忆测试,见过,未见过,未见过,见过,未见过,未见过,未见过,未见过,未见过,见过,未见过,见过,见过,未见过,见过,未见过,"	865248535963115521",支付意愿评估,45,43,47,48,"	865248536340602882",图片展示和支付意愿,45,24,41,13,38,20,46,19
167,***,***,***,***,***,***,"	865248532553146371",个人信息,55-64岁,男,博士学位,退休,￥500000到￥1000000,已婚,2个,"	865248533438144513",其他测试,非常正面,中质量,中质量,中质量,中质量,中质量,中质量,中质量,中质量,无区别,图片2,无区别,无区别,"	865248534461554690",记忆测试,见过,未见过,未见过,未见过,未见过,未见过,见过,未见过,未见过,见过,未见过,见过,见过,未见过,见过,未见过,"	865248535963115521",支付意愿评估,47,47,45,48,"	865248536340602882",图片展示和支付意愿,47,25,47,20,41,25,47,13
168,***,***,***,***,***,***,"	865248532553146371",个人信息,25-34岁,男,高中毕业或同等学历,自由职业,￥200000到￥500000,已婚,无,"	865248533438144513",其他测试,中立,中质量,低质量,低质量,中质量,低质量,低质量,低质量,低质量,图片1,图片2,图片2,无区别,"	865248534461554690",记忆测试,未见过,未见过,未见过,未见过,未见过,未见过,未见过,未见过,未见过,见过,未见过,见过,见过,未见过,见过,未见过,"	865248535963115521",支付意愿评估,41,47,42,41,"	865248536340602882",图片展示和支付意愿,47,21,44,17,39,20,33,24
169,***,***,***,***,***,***,"	865248532553146371",个人信息,35-44岁,男,学士学位,全职工作,￥50000到￥100000,单身从未结婚,无,"	865248533438144513",其他测试,中立,低质量,低质量,中质量,低质量,低质量,中质量,中质量,中质量,图片1,无区别,图片1,无区别,"	865248534461554690",记忆测试,见过,未见过,未见过,未见过,未见过,未见过,未见过,见过,未见过,见过,未见过,见过,见过,未见过,见过,未见过,"	865248535963115521",支付意愿评估,34,43,49,48,"	865248536340602882",图片展示和支付意愿,35,13,43,33,43,13,43,15
170,***,***,***,***,***,***,"	865248532553146371",个人信息,45-54岁,男,硕士学位,自由职业,￥200000到￥500000,单身从未结婚,无,"	865248533438144513",其他测试,正面,中质量,中质量,中质量,中质量,中质量,中质量,中质量,中质量,无区别,图片2,图片1,图片2,"	865248534461554690",记忆测试,见过,未见过,未见过,未见过,未见过,未见过,未见过,未见过,见过,见过,未见过,见过,见过,未见过,见过,未见过,"	865248535963115521",支付意愿评估,41,39,44,43,"	865248536340602882",图片展示和支付意愿,40,24,48,16,47,17,46,25
171,***,***,***,***,***,***,"	865248532553146371",个人信息,18岁以下,男,高中以下,学生,少于￥50000,单身从未结婚,无,"	865248533438144513",其他测试,正面,中质量,低质量,低质量,中质量,低质量,低质量,低质量,低质量,无区别,图片2,图片2,无区别,"	865248534461554690",记忆测试,见过,未见过,未见过,未见过,未见过,未见过,未见过,未见过,未见过,见过,未见过,见过,见过,见过,见过,未见过,"	865248535963115521",支付意愿评估,42,47,27,44,"	865248536340602882",图片展示和支付意愿,41,17,42,17,25,18,43,14
172,***,***,***,***,***,***,"	865248532553146371",个人信息,-999,-999,-999,-999,-999,-999,-999,"	865248533438144513",其他测试,-999,-999,-999,-999,-999,-999,-999,-999,-999,-999,-999,-999,-999,"	865248534461554690",记忆测试,-999,-999,-999,-999,-999,-999,-999,-999,-999,-999,-999,-999,-999,-999,-999,-999,"	865248535963115521",支付意愿评估,-999,-999,-999,-999,"	865248536340602882",图片展示和支付意愿,-999,-999,-999,-999,-999,-999,-999,-999
173,***,***,***,***,***,***,"	865248532553146371",个人信息,45-54岁,男,学士学位,兼职工作,￥50000到￥100000,已婚,1个,"	865248533438144513",其他测试,中立,低质量,低质量,中质量,低质量,低质量,中质量,中质量,中质量,图片2,无区别,图片2,无区别,"	865248534461554690",记忆测试,见过,未见过,未见过,未见过,见过,未见过,未见过,未见过,未见过,见过,见过,见过,见过,未见过,见过,未见过,"	865248535963115521",支付意愿评估,40,43,34,46,"	865248536340602882",图片展示和支付意愿,15,11,42,20,29,23,45,20
174,***,***,***,***,***,***,"	865248532553146371",个人信息,18-24岁,男,高中毕业或同等学历,全职工作,￥100000到￥200000,单身从未结婚,无,"	865248533438144513",其他测试,中立,中质量,中质量,中质量,中质量,中质量,中质量,中质量,中质量,无区别,图片2,图片2,图片1,"	865248534461554690",记忆测试,见过,未见过,未见过,未见过,未见过,未见过,未见过,未见过,未见过,见过,未见过,见过,见过,未见过,见过,未见过,"	865248535963115521",支付意愿评估,41,45,43,48,"	865248536340602882",图片展示和支付意愿,44,17,40,11,37,16,47,19
175,***,***,***,***,***,***,"	865248532553146371",个人信息,25-34岁,男,学士学位,兼职工作,￥50000到￥100000,已婚,无,"	865248533438144513",其他测试,中立,中质量,低质量,低质量,中质量,低质量,低质量,低质量,低质量,图片2,图片2,图片1,无区别,"	865248534461554690",记忆测试,见过,未见过,未见过,未见过,未见过,见过,未见过,未见过,未见过,未见过,未见过,见过,见过,未见过,见过,未见过,"	865248535963115521",支付意愿评估,47,45,41,45,"	865248536340602882",图片展示和支付意愿,41,22,41,12,41,19,42,15
